Subject Area,Mapping Name,Object Name(SQL/Lookup/SQ),Object Type(SQL/Lookup/SQ),Location(Workflow_Worklet Name/Session Name),Attribute,Query,Number of Lines
MetLife_p2_CSC_GroupLife,m_STARTRAK_Member_Diary_Delta_Data_Extraction,SQ_tstcall_trk_CURR,Source Qualifier,wf_STARTRAK_Member_Diary_Delta_Data_Extraction/s_m_STARTRAK_Member_Diary_Delta_Data_Extraction,Source Filter,,0
MetLife_p2_CSC_GroupLife,m_STARTRAK_Member_Diary_Delta_Data_Extraction,SQ_tstcall_trk_CURR,Source Qualifier,wf_STARTRAK_Member_Diary_Delta_Data_Extraction/s_m_STARTRAK_Member_Diary_Delta_Data_Extraction,User Defined Join,,0
MetLife_p2_CSC_GroupLife,m_STARTRAK_Member_Diary_Delta_Data_Extraction,SQ_tstcall_trk_CURR,Source Qualifier,wf_STARTRAK_Member_Diary_Delta_Data_Extraction/s_m_STARTRAK_Member_Diary_Delta_Data_Extraction,Sql Query,,0
MetLife_p2_CSC_GroupLife,m_STARTRAK_Member_Diary_Delta_Data_Extraction,SQ_tstcall_trk_PREV,Source Qualifier,wf_STARTRAK_Member_Diary_Delta_Data_Extraction/s_m_STARTRAK_Member_Diary_Delta_Data_Extraction,Source Filter,,0
MetLife_p2_CSC_GroupLife,m_STARTRAK_Member_Diary_Delta_Data_Extraction,SQ_tstcall_trk_PREV,Source Qualifier,wf_STARTRAK_Member_Diary_Delta_Data_Extraction/s_m_STARTRAK_Member_Diary_Delta_Data_Extraction,User Defined Join,,0
MetLife_p2_CSC_GroupLife,m_STARTRAK_Member_Diary_Delta_Data_Extraction,SQ_tstcall_trk_PREV,Source Qualifier,wf_STARTRAK_Member_Diary_Delta_Data_Extraction/s_m_STARTRAK_Member_Diary_Delta_Data_Extraction,Sql Query,,0
MetLife_p2_CSC_GroupLife,m_STARTRAK_Member_Diary_Delta_Data_Extraction,LKP_arc_tstcall_trk,Lookup Procedure,wf_STARTRAK_Member_Diary_Delta_Data_Extraction/s_m_STARTRAK_Member_Diary_Delta_Data_Extraction,Lookup Sql Override,,0
MetLife_p2_CSC_GroupLife,m_STARTRAK_Member_Diary_Active_One_Time_Extraction,SQ_tstcall_trk,Source Qualifier,wf_STARTRAK_Member_Diary_Delta_Data_Extraction/s_m_STARTRAK_Member_Diary_Active_One_Time_Extraction,Source Filter,"SELECT calr_id,apl_tin,call_dt,cust_id,calr_lst_nm,calr_frst_nm,calr_mid_nm,calr_cntry_cd,calr_area_cd,calr_xchg_cd,calr_ln_cd,calr_ext_cd,calr_ctgy_cd,call_typ_cd,cust_met_crrs_id,rslv_dt,loc_call_recd_cd,call_dtls_txt_cd,call_trk_cust_name,crt_id,crt_ts,updt_id,updt_ts,rplc_svr_del_ind,rplc_svr_own_id,rplc_svr_updt_ts,calr_intl_num,calr_id1,call_trk_txt_typ_cd,call_trk_txt_seq_num,call_trk_txt,crt_id1,crt_ts1,updt_id1,updt_ts1,rplc_svr_del_ind1,rplc_svr_own_id1,rplc_svr_updt_ts1 FROM tstcall_trk,tstcall_trk_txt WHERE $$SQ_FILTER",1
MetLife_p2_CSC_GroupLife,m_STARTRAK_Member_Diary_Active_One_Time_Extraction,SQ_tstcall_trk,Source Qualifier,wf_STARTRAK_Member_Diary_Delta_Data_Extraction/s_m_STARTRAK_Member_Diary_Active_One_Time_Extraction,User Defined Join,"SELECT calr_id,apl_tin,call_dt,cust_id,calr_lst_nm,calr_frst_nm,calr_mid_nm,calr_cntry_cd,calr_area_cd,calr_xchg_cd,calr_ln_cd,calr_ext_cd,calr_ctgy_cd,call_typ_cd,cust_met_crrs_id,rslv_dt,loc_call_recd_cd,call_dtls_txt_cd,call_trk_cust_name,crt_id,crt_ts,updt_id,updt_ts,rplc_svr_del_ind,rplc_svr_own_id,rplc_svr_updt_ts,calr_intl_num,calr_id1,call_trk_txt_typ_cd,call_trk_txt_seq_num,call_trk_txt,crt_id1,crt_ts1,updt_id1,updt_ts1,rplc_svr_del_ind1,rplc_svr_own_id1,rplc_svr_updt_ts1 FROM tstcall_trk,tstcall_trk_txt WHERE $$SQ_JOIN",1
MetLife_p2_CSC_GroupLife,m_STARTRAK_Member_Diary_Active_One_Time_Extraction,SQ_tstcall_trk,Source Qualifier,wf_STARTRAK_Member_Diary_Delta_Data_Extraction/s_m_STARTRAK_Member_Diary_Active_One_Time_Extraction,Sql Query,,0
MetLife_p2_CSC_GroupLife,m_STARTRAK_Member_Diary_Active_One_Time_Extraction,SQ_tstcall_trk,Source Qualifier,wf_STARTRAK_Member_Diary_Delta_Data_Extraction/s_m_STARTRAK_Member_Diary_Active_One_Time_Extraction,Final Query,"SELECT calr_id,apl_tin,call_dt,cust_id,calr_lst_nm,calr_frst_nm,calr_mid_nm,calr_cntry_cd,calr_area_cd,calr_xchg_cd,calr_ln_cd,calr_ext_cd,calr_ctgy_cd,call_typ_cd,cust_met_crrs_id,rslv_dt,loc_call_recd_cd,call_dtls_txt_cd,call_trk_cust_name,crt_id,crt_ts,updt_id,updt_ts,rplc_svr_del_ind,rplc_svr_own_id,rplc_svr_updt_ts,calr_intl_num,calr_id1,call_trk_txt_typ_cd,call_trk_txt_seq_num,call_trk_txt,crt_id1,crt_ts1,updt_id1,updt_ts1,rplc_svr_del_ind1,rplc_svr_own_id1,rplc_svr_updt_ts1 FROM tstcall_trk,tstcall_trk_txt WHERE $$SQ_FILTER",1
MetLife_p2_CSC_GroupLife,m_STARTRAK_Member_Diary_Active_One_Time_Extraction,SQ_tstcall_trk,Source Qualifier,wf_STARTRAK_Member_Diary_Delta_Data_Extraction/s_m_STARTRAK_Member_Diary_Active_One_Time_Extraction,Final Query,"SELECT calr_id,apl_tin,call_dt,cust_id,calr_lst_nm,calr_frst_nm,calr_mid_nm,calr_cntry_cd,calr_area_cd,calr_xchg_cd,calr_ln_cd,calr_ext_cd,calr_ctgy_cd,call_typ_cd,cust_met_crrs_id,rslv_dt,loc_call_recd_cd,call_dtls_txt_cd,call_trk_cust_name,crt_id,crt_ts,updt_id,updt_ts,rplc_svr_del_ind,rplc_svr_own_id,rplc_svr_updt_ts,calr_intl_num,calr_id1,call_trk_txt_typ_cd,call_trk_txt_seq_num,call_trk_txt,crt_id1,crt_ts1,updt_id1,updt_ts1,rplc_svr_del_ind1,rplc_svr_own_id1,rplc_svr_updt_ts1 FROM tstcall_trk,tstcall_trk_txt WHERE $$SQ_JOIN",1
MetLife_p2_CSC_GroupLife,m_STARTRAK_Member_Conditions_Active_One_Time_Extraction,SQ_tststrtrak_cd,Source Qualifier,wf_STARTRAK_Member_Conditions_Delta_Data_Extraction/s_m_STARTRAK_Member_Conditions_Active_One_Time_Extraction,Source Filter,"SELECT apl_id,mslct_val_ctgy_num,strtrak_char_val_cd,cust_2_id,updt_ts,med_req_id,crt_id,crt_ts,updt_id,rplc_svr_del_ind,rplc_svr_own_id,rplc_svr_updt_ts,v_decode FROM tststrtrak_cd,tcodedecode,tstapl WHERE $$SQ_FILTER",1
MetLife_p2_CSC_GroupLife,m_STARTRAK_Member_Conditions_Active_One_Time_Extraction,SQ_tststrtrak_cd,Source Qualifier,wf_STARTRAK_Member_Conditions_Delta_Data_Extraction/s_m_STARTRAK_Member_Conditions_Active_One_Time_Extraction,User Defined Join,"SELECT apl_id,mslct_val_ctgy_num,strtrak_char_val_cd,cust_2_id,updt_ts,med_req_id,crt_id,crt_ts,updt_id,rplc_svr_del_ind,rplc_svr_own_id,rplc_svr_updt_ts,v_decode FROM tststrtrak_cd,tcodedecode,tstapl WHERE $$SQ_JOIN",1
MetLife_p2_CSC_GroupLife,m_STARTRAK_Member_Conditions_Active_One_Time_Extraction,SQ_tststrtrak_cd,Source Qualifier,wf_STARTRAK_Member_Conditions_Delta_Data_Extraction/s_m_STARTRAK_Member_Conditions_Active_One_Time_Extraction,Sql Query,,0
MetLife_p2_CSC_GroupLife,m_STARTRAK_Member_Conditions_Active_One_Time_Extraction,SQ_tststrtrak_cd,Source Qualifier,wf_STARTRAK_Member_Conditions_Delta_Data_Extraction/s_m_STARTRAK_Member_Conditions_Active_One_Time_Extraction,Final Query,"SELECT apl_id,mslct_val_ctgy_num,strtrak_char_val_cd,cust_2_id,updt_ts,med_req_id,crt_id,crt_ts,updt_id,rplc_svr_del_ind,rplc_svr_own_id,rplc_svr_updt_ts,v_decode FROM tststrtrak_cd,tcodedecode,tstapl WHERE $$SQ_FILTER",1
MetLife_p2_CSC_GroupLife,m_STARTRAK_Member_Conditions_Active_One_Time_Extraction,SQ_tststrtrak_cd,Source Qualifier,wf_STARTRAK_Member_Conditions_Delta_Data_Extraction/s_m_STARTRAK_Member_Conditions_Active_One_Time_Extraction,Final Query,"SELECT apl_id,mslct_val_ctgy_num,strtrak_char_val_cd,cust_2_id,updt_ts,med_req_id,crt_id,crt_ts,updt_id,rplc_svr_del_ind,rplc_svr_own_id,rplc_svr_updt_ts,v_decode FROM tststrtrak_cd,tcodedecode,tstapl WHERE $$SQ_JOIN",1
MetLife_p2_CSC_GroupLife,m_STARTRAK_Member_Conditions_Delta_Data_Extraction,SQ_tststrtrak_cd_CURR,Source Qualifier,wf_STARTRAK_Member_Conditions_Delta_Data_Extraction/s_m_STARTRAK_Member_Conditions_Active_Delta_Data_Extraction,Source Filter,,0
MetLife_p2_CSC_GroupLife,m_STARTRAK_Member_Conditions_Delta_Data_Extraction,SQ_tststrtrak_cd_CURR,Source Qualifier,wf_STARTRAK_Member_Conditions_Delta_Data_Extraction/s_m_STARTRAK_Member_Conditions_Active_Delta_Data_Extraction,User Defined Join,,0
MetLife_p2_CSC_GroupLife,m_STARTRAK_Member_Conditions_Delta_Data_Extraction,SQ_tststrtrak_cd_CURR,Source Qualifier,wf_STARTRAK_Member_Conditions_Delta_Data_Extraction/s_m_STARTRAK_Member_Conditions_Active_Delta_Data_Extraction,Sql Query,,0
MetLife_p2_CSC_GroupLife,m_STARTRAK_Member_Conditions_Delta_Data_Extraction,SQ_tststrtrak_cd_PREV,Source Qualifier,wf_STARTRAK_Member_Conditions_Delta_Data_Extraction/s_m_STARTRAK_Member_Conditions_Active_Delta_Data_Extraction,Source Filter,,0
MetLife_p2_CSC_GroupLife,m_STARTRAK_Member_Conditions_Delta_Data_Extraction,SQ_tststrtrak_cd_PREV,Source Qualifier,wf_STARTRAK_Member_Conditions_Delta_Data_Extraction/s_m_STARTRAK_Member_Conditions_Active_Delta_Data_Extraction,User Defined Join,,0
MetLife_p2_CSC_GroupLife,m_STARTRAK_Member_Conditions_Delta_Data_Extraction,SQ_tststrtrak_cd_PREV,Source Qualifier,wf_STARTRAK_Member_Conditions_Delta_Data_Extraction/s_m_STARTRAK_Member_Conditions_Active_Delta_Data_Extraction,Sql Query,,0
MetLife_p2_CSC_GroupLife,m_STARTRAK_Member_Conditions_Delta_Data_Extraction,LKP_arc_tststrtrak_cd,Lookup Procedure,wf_STARTRAK_Member_Conditions_Delta_Data_Extraction/s_m_STARTRAK_Member_Conditions_Active_Delta_Data_Extraction,Lookup Sql Override,,0
MetLife_p2_CSC_GroupLife,m_Transfer_SOR_MF_HDFS_TRIGGER,sq_Trigger_File_Src,Source Qualifier,wf_STARTRAK_Member_Diary_Delta_Data_Extraction/s_m_Transfer_HDFS_Member_Diary_Delta_TRIGGER,Source Filter,,0
MetLife_p2_CSC_GroupLife,m_Transfer_SOR_MF_HDFS_TRIGGER,sq_Trigger_File_Src,Source Qualifier,wf_STARTRAK_Member_Diary_Delta_Data_Extraction/s_m_Transfer_HDFS_Member_Diary_Delta_TRIGGER,User Defined Join,,0
MetLife_p2_CSC_GroupLife,m_Transfer_SOR_MF_HDFS_TRIGGER,sq_Trigger_File_Src,Source Qualifier,wf_STARTRAK_Member_Diary_Delta_Data_Extraction/s_m_Transfer_HDFS_Member_Diary_Delta_TRIGGER,Sql Query,,0
MetLife_p2_CSC_GroupLife,m_Transfer_SOR_MF_HDFS_TRIGGER,sq_Trigger_File_Src,Source Qualifier,wf_GBS_CONTROL_ACCOUNTING_One_Time_Extraction/s_m_Transfer_HDFS_ACCOUNTING_Onetime_TRIGGER,Source Filter,,0
MetLife_p2_CSC_GroupLife,m_Transfer_SOR_MF_HDFS_TRIGGER,sq_Trigger_File_Src,Source Qualifier,wf_GBS_CONTROL_ACCOUNTING_One_Time_Extraction/s_m_Transfer_HDFS_ACCOUNTING_Onetime_TRIGGER,User Defined Join,,0
MetLife_p2_CSC_GroupLife,m_Transfer_SOR_MF_HDFS_TRIGGER,sq_Trigger_File_Src,Source Qualifier,wf_GBS_CONTROL_ACCOUNTING_One_Time_Extraction/s_m_Transfer_HDFS_ACCOUNTING_Onetime_TRIGGER,Sql Query,,0
MetLife_p2_CSC_GroupLife,m_Transfer_SOR_MF_HDFS_TRIGGER,sq_Trigger_File_Src,Source Qualifier,wf_STARTRAK_Member_Conditions_Delta_Data_Extraction/s_m_Transfer_HDFS_Member_Member_Active_Onetime_TRIGGER,Source Filter,,0
MetLife_p2_CSC_GroupLife,m_Transfer_SOR_MF_HDFS_TRIGGER,sq_Trigger_File_Src,Source Qualifier,wf_STARTRAK_Member_Conditions_Delta_Data_Extraction/s_m_Transfer_HDFS_Member_Member_Active_Onetime_TRIGGER,User Defined Join,,0
MetLife_p2_CSC_GroupLife,m_Transfer_SOR_MF_HDFS_TRIGGER,sq_Trigger_File_Src,Source Qualifier,wf_STARTRAK_Member_Conditions_Delta_Data_Extraction/s_m_Transfer_HDFS_Member_Member_Active_Onetime_TRIGGER,Sql Query,,0
MetLife_p2_IB_OPAS_UDX,m_load_opas_output,SQ_OPAS_INPUT,Source Qualifier,wkf_load_ods_1203/s_m_load_opas_output_1203,Source Filter,,0
MetLife_p2_IB_OPAS_UDX,m_load_opas_output,SQ_OPAS_INPUT,Source Qualifier,wkf_load_ods_1203/s_m_load_opas_output_1203,User Defined Join,,0
MetLife_p2_IB_OPAS_UDX,m_load_opas_output,SQ_OPAS_INPUT,Source Qualifier,wkf_load_ods_1203/s_m_load_opas_output_1203,Sql Query,,0
MetLife_p2_IB_OPAS_UDX,m_load_opas_output,SQ_OPAS_INPUT,Source Qualifier,wkf_load_ods_1203/s_m_load_opas_output_1203_Agent,Source Filter,,0
MetLife_p2_IB_OPAS_UDX,m_load_opas_output,SQ_OPAS_INPUT,Source Qualifier,wkf_load_ods_1203/s_m_load_opas_output_1203_Agent,User Defined Join,,0
MetLife_p2_IB_OPAS_UDX,m_load_opas_output,SQ_OPAS_INPUT,Source Qualifier,wkf_load_ods_1203/s_m_load_opas_output_1203_Agent,Sql Query,,0
MetLife_p2_IB_OPAS_UDX,m_update_opas_1203,SQ_T_INS_POL_TEMP,Source Qualifier,wkf_load_ods_1203/s_m_update_opas_1203,Source Filter,,0
MetLife_p2_IB_OPAS_UDX,m_update_opas_1203,SQ_T_INS_POL_TEMP,Source Qualifier,wkf_load_ods_1203/s_m_update_opas_1203,User Defined Join,,0
MetLife_p2_IB_OPAS_UDX,m_update_opas_1203,SQ_T_INS_POL_TEMP,Source Qualifier,wkf_load_ods_1203/s_m_update_opas_1203,Sql Query,,0
MetLife_p2_IB_OPAS_UDX,m_update_opas_1203,LKP_PolicyGuid,Lookup Procedure,wkf_load_ods_1203/s_m_update_opas_1203,Lookup Sql Override,,0
MetLife_p2_IB_OPAS_UDX,m_update_opas_1203,SQ_T_INS_POL,Source Qualifier,wkf_load_ods_1203/s_m_update_opas_1203,Source Filter,,0
MetLife_p2_IB_OPAS_UDX,m_update_opas_1203,SQ_T_INS_POL,Source Qualifier,wkf_load_ods_1203/s_m_update_opas_1203,User Defined Join,,0
MetLife_p2_IB_OPAS_UDX,m_update_opas_1203,SQ_T_INS_POL,Source Qualifier,wkf_load_ods_1203/s_m_update_opas_1203,Sql Query,SELECT MSTR_ID FROM $$DB2OWNER.T_INS_POL WHERE REC_CRT_TS = (SELECT MAX(REC_CRT_TS) FROM $$DB2OWNER.T_INS_POL WHERE REC_MOD_USR_ID = '$$USERID'),1
MetLife_p2_IB_OPAS_UDX,m_update_opas_1203,SQ_T_INS_POL,Source Qualifier,wkf_load_ods_1203/s_m_update_opas_1203,Final Query,SELECT MSTR_ID FROM $$DB2OWNER.T_INS_POL WHERE REC_CRT_TS = (SELECT MAX(REC_CRT_TS) FROM $$DB2OWNER.T_INS_POL WHERE REC_MOD_USR_ID = '$$USERID'),1
MetLife_p2_IB_OPAS_UDX,m_load_T_SCHED_VAL_CVR_EX_TBL_Load_Error_Report,LKP_TGT,Lookup Procedure,wkf_s_m_load_T_SCHED_VAL_CVR_EX/s_m_load_T_SCHED_VAL_CVR_EX,Lookup Sql Override,,0
MetLife_p2_IB_OPAS_UDX,m_load_T_SCHED_VAL_CVR_EX_TBL_Load_Error_Report,SQ_ASSCHEDULEDVALUATIONFIELD,Source Qualifier,wkf_s_m_load_T_SCHED_VAL_CVR_EX/s_m_load_T_SCHED_VAL_CVR_EX,Source Filter,,0
MetLife_p2_IB_OPAS_UDX,m_load_T_SCHED_VAL_CVR_EX_TBL_Load_Error_Report,SQ_ASSCHEDULEDVALUATIONFIELD,Source Qualifier,wkf_s_m_load_T_SCHED_VAL_CVR_EX/s_m_load_T_SCHED_VAL_CVR_EX,User Defined Join,,0
MetLife_p2_IB_OPAS_UDX,m_load_T_SCHED_VAL_CVR_EX_TBL_Load_Error_Report,SQ_ASSCHEDULEDVALUATIONFIELD,Source Qualifier,wkf_s_m_load_T_SCHED_VAL_CVR_EX/s_m_load_T_SCHED_VAL_CVR_EX,Sql Query,"SELECT_x000D_
DISTINCT_x000D_
CAST(B.MSTR_ID AS VARCHAR(15))AS MSTR_ID,_x000D_
C.EFFECTIVEDATE AS EFF_DT,_x000D_
SUBSTR(A.FIELDNAME,14,3) AS CVG_TYP,_x000D_
TRIM(LEADING '0' FROM (SUBSTR(A.FIELDNAME,17,3))) AS CVG_SEQ_NUM,_x000D_
SUBSTR(A.FIELDNAME,4,10) AS RT_TYP,_x000D_
A.FLOATVALUE AS RT_VAL_x000D_
FROM _x000D_
$$DBOWNER.ASSCHEDULEDVALUATIONFIELD A_x000D_
LEFT OUTER JOIN _x000D_
(SELECT _x000D_
SCHEDULEDVALUATIONGUID, _x000D_
TEXTVALUE AS MSTR_ID _x000D_
 FROM _x000D_
$$DBOWNER.ASSCHEDULEDVALUATIONFIELD_x000D_
WHERE FIELDNAME='PolicyNumber' _x000D_
) B_x000D_
ON A.SCHEDULEDVALUATIONGUID=B.SCHEDULEDVALUATIONGUID_x000D_
JOIN $$DBOWNER.ASSCHEDULEDVALUATION C_x000D_
ON A.SCHEDULEDVALUATIONGUID=C.SCHEDULEDVALUATIONGUID _x000D_
JOIN $$DBOWNER.ASSYSTEMDATE D_x000D_
ON C.ACTIVEDATE=D.PREVIOUSSYSTEMDATE_x000D_
WHERE _x000D_
FIELDNAME LIKE 'CVG%' _x000D_
AND _x000D_
D.CURRENTINDICATOR = 'Y' _x000D_
AND _x000D_
B.MSTR_ID IS NOT NULL_x000D_
 ORDER BY MSTR_ID,EFF_DT,CVG_TYP,CVG_SEQ_NUM,RT_TYP ASC",30
MetLife_p2_IB_OPAS_UDX,m_load_T_SCHED_VAL_CVR_EX_TBL_Load_Error_Report,SQ_ASSCHEDULEDVALUATIONFIELD,Source Qualifier,wkf_s_m_load_T_SCHED_VAL_CVR_EX/s_m_load_T_SCHED_VAL_CVR_EX,Final Query,"SELECT_x000D_
DISTINCT_x000D_
CAST(B.MSTR_ID AS VARCHAR(15))AS MSTR_ID,_x000D_
C.EFFECTIVEDATE AS EFF_DT,_x000D_
SUBSTR(A.FIELDNAME,14,3) AS CVG_TYP,_x000D_
TRIM(LEADING '0' FROM (SUBSTR(A.FIELDNAME,17,3))) AS CVG_SEQ_NUM,_x000D_
SUBSTR(A.FIELDNAME,4,10) AS RT_TYP,_x000D_
A.FLOATVALUE AS RT_VAL_x000D_
FROM _x000D_
$$DBOWNER.ASSCHEDULEDVALUATIONFIELD A_x000D_
LEFT OUTER JOIN _x000D_
(SELECT _x000D_
SCHEDULEDVALUATIONGUID, _x000D_
TEXTVALUE AS MSTR_ID _x000D_
 FROM _x000D_
$$DBOWNER.ASSCHEDULEDVALUATIONFIELD_x000D_
WHERE FIELDNAME='PolicyNumber' _x000D_
) B_x000D_
ON A.SCHEDULEDVALUATIONGUID=B.SCHEDULEDVALUATIONGUID_x000D_
JOIN $$DBOWNER.ASSCHEDULEDVALUATION C_x000D_
ON A.SCHEDULEDVALUATIONGUID=C.SCHEDULEDVALUATIONGUID _x000D_
JOIN $$DBOWNER.ASSYSTEMDATE D_x000D_
ON C.ACTIVEDATE=D.PREVIOUSSYSTEMDATE_x000D_
WHERE _x000D_
FIELDNAME LIKE 'CVG%' _x000D_
AND _x000D_
D.CURRENTINDICATOR = 'Y' _x000D_
AND _x000D_
B.MSTR_ID IS NOT NULL_x000D_
 ORDER BY MSTR_ID,EFF_DT,CVG_TYP,CVG_SEQ_NUM,RT_TYP ASC",30
MetLife_p2_IB_OPAS_UDX,m_delete_ods_acord_1203,SQ_T_INS_POL,Source Qualifier,wkf_load_ods_1203/s_m_delete_ods_acord_1203,Source Filter,,0
MetLife_p2_IB_OPAS_UDX,m_delete_ods_acord_1203,SQ_T_INS_POL,Source Qualifier,wkf_load_ods_1203/s_m_delete_ods_acord_1203,User Defined Join,,0
MetLife_p2_IB_OPAS_UDX,m_delete_ods_acord_1203,SQ_T_INS_POL,Source Qualifier,wkf_load_ods_1203/s_m_delete_ods_acord_1203,Sql Query,,0
MetLife_p2_IB_OPAS_UDX,m_update_opas_all_accord,SQ_T_INS_POL_TRAN,Source Qualifier,wkf_m_load_all_accord/s_m_update_opas_all_accord,Source Filter,,0
MetLife_p2_IB_OPAS_UDX,m_update_opas_all_accord,SQ_T_INS_POL_TRAN,Source Qualifier,wkf_m_load_all_accord/s_m_update_opas_all_accord,User Defined Join,,0
MetLife_p2_IB_OPAS_UDX,m_update_opas_all_accord,SQ_T_INS_POL_TRAN,Source Qualifier,wkf_m_load_all_accord/s_m_update_opas_all_accord,Sql Query,"SELECT TRAN_ACT_GUID_CD, TRAN_ORIG_GUID_CD,TRAN_TYP_CD FROM $$DB2OWNER.T_INS_POL_TRAN WHERE REC_CRT_TS = (SELECT MAX(REC_CRT_TS) FROM $$DB2OWNER.T_INS_POL_TRAN)",1
MetLife_p2_IB_OPAS_UDX,m_update_opas_all_accord,SQ_T_INS_POL_TRAN,Source Qualifier,wkf_m_load_all_accord/s_m_update_opas_all_accord,Final Query,"SELECT TRAN_ACT_GUID_CD, TRAN_ORIG_GUID_CD,TRAN_TYP_CD FROM $$DB2OWNER.T_INS_POL_TRAN WHERE REC_CRT_TS = (SELECT MAX(REC_CRT_TS) FROM $$DB2OWNER.T_INS_POL_TRAN)",1
MetLife_p2_IB_OPAS_UDX,m_load_ods_all_accord,lkp_opas_pre_input,Lookup Procedure,wkf_m_load_all_accord/s_m_load_ods_all_accord,Lookup Sql Override,,0
MetLife_p2_IB_OPAS_UDX,m_load_ods_all_accord,lkp_t_ins_pol_tran_temp,Lookup Procedure,wkf_m_load_all_accord/s_m_load_ods_all_accord,Lookup Sql Override,,0
MetLife_p2_IB_OPAS_UDX,m_load_ods_all_accord,SQ_T_POL_TRAN_MO_ANNV,Source Qualifier,wkf_m_load_all_accord/s_m_load_ods_all_accord,Source Filter,,0
MetLife_p2_IB_OPAS_UDX,m_load_ods_all_accord,SQ_T_POL_TRAN_MO_ANNV,Source Qualifier,wkf_m_load_all_accord/s_m_load_ods_all_accord,User Defined Join,,0
MetLife_p2_IB_OPAS_UDX,m_load_ods_all_accord,SQ_T_POL_TRAN_MO_ANNV,Source Qualifier,wkf_m_load_all_accord/s_m_load_ods_all_accord,Sql Query,,0
MetLife_p2_IB_OPAS_UDX,m_load_ods_all_accord,SQ_T_POL_TRAN_DIVD_DSBRS_CHG,Source Qualifier,wkf_m_load_all_accord/s_m_load_ods_all_accord,Source Filter,,0
MetLife_p2_IB_OPAS_UDX,m_load_ods_all_accord,SQ_T_POL_TRAN_DIVD_DSBRS_CHG,Source Qualifier,wkf_m_load_all_accord/s_m_load_ods_all_accord,User Defined Join,,0
MetLife_p2_IB_OPAS_UDX,m_load_ods_all_accord,SQ_T_POL_TRAN_DIVD_DSBRS_CHG,Source Qualifier,wkf_m_load_all_accord/s_m_load_ods_all_accord,Sql Query,,0
MetLife_p2_IB_OPAS_UDX,m_load_ods_all_accord,SQ_T_POL_TRAN_PY,Source Qualifier,wkf_m_load_all_accord/s_m_load_ods_all_accord,Source Filter,,0
MetLife_p2_IB_OPAS_UDX,m_load_ods_all_accord,SQ_T_POL_TRAN_PY,Source Qualifier,wkf_m_load_all_accord/s_m_load_ods_all_accord,User Defined Join,,0
MetLife_p2_IB_OPAS_UDX,m_load_ods_all_accord,SQ_T_POL_TRAN_PY,Source Qualifier,wkf_m_load_all_accord/s_m_load_ods_all_accord,Sql Query,,0
MetLife_p2_IB_OPAS_UDX,m_load_ods_all_accord,SQ_T_AGNT_SPLT_PCT_POL_CHG,Source Qualifier,wkf_m_load_all_accord/s_m_load_ods_all_accord,Source Filter,,0
MetLife_p2_IB_OPAS_UDX,m_load_ods_all_accord,SQ_T_AGNT_SPLT_PCT_POL_CHG,Source Qualifier,wkf_m_load_all_accord/s_m_load_ods_all_accord,User Defined Join,,0
MetLife_p2_IB_OPAS_UDX,m_load_ods_all_accord,SQ_T_AGNT_SPLT_PCT_POL_CHG,Source Qualifier,wkf_m_load_all_accord/s_m_load_ods_all_accord,Sql Query,,0
MetLife_p2_IB_OPAS_UDX,m_load_ods_all_accord,SQ_T_POL_TRAN_APO_ELCT,Source Qualifier,wkf_m_load_all_accord/s_m_load_ods_all_accord,Source Filter,,0
MetLife_p2_IB_OPAS_UDX,m_load_ods_all_accord,SQ_T_POL_TRAN_APO_ELCT,Source Qualifier,wkf_m_load_all_accord/s_m_load_ods_all_accord,User Defined Join,,0
MetLife_p2_IB_OPAS_UDX,m_load_ods_all_accord,SQ_T_POL_TRAN_APO_ELCT,Source Qualifier,wkf_m_load_all_accord/s_m_load_ods_all_accord,Sql Query,,0
MetLife_p2_IB_OPAS_UDX,m_load_ods_all_accord,lkp_t_mode_prem_py_temp,Lookup Procedure,wkf_m_load_all_accord/s_m_load_ods_all_accord,Lookup Sql Override,,0
MetLife_p2_IB_OPAS_UDX,m_load_ods_all_accord,SQ_T_POL_TRAN_POL_CHG,Source Qualifier,wkf_m_load_all_accord/s_m_load_ods_all_accord,Source Filter,,0
MetLife_p2_IB_OPAS_UDX,m_load_ods_all_accord,SQ_T_POL_TRAN_POL_CHG,Source Qualifier,wkf_m_load_all_accord/s_m_load_ods_all_accord,User Defined Join,,0
MetLife_p2_IB_OPAS_UDX,m_load_ods_all_accord,SQ_T_POL_TRAN_POL_CHG,Source Qualifier,wkf_m_load_all_accord/s_m_load_ods_all_accord,Sql Query,,0
MetLife_p2_IB_OPAS_UDX,m_load_ods_all_accord,SQ_T_RDR_SURR_VAL_STTS,Source Qualifier,wkf_m_load_all_accord/s_m_load_ods_all_accord,Source Filter,,0
MetLife_p2_IB_OPAS_UDX,m_load_ods_all_accord,SQ_T_RDR_SURR_VAL_STTS,Source Qualifier,wkf_m_load_all_accord/s_m_load_ods_all_accord,User Defined Join,,0
MetLife_p2_IB_OPAS_UDX,m_load_ods_all_accord,SQ_T_RDR_SURR_VAL_STTS,Source Qualifier,wkf_m_load_all_accord/s_m_load_ods_all_accord,Sql Query,,0
MetLife_p2_IB_OPAS_UDX,m_load_ods_all_accord,lkp_t_rdr_surr_val_stts_temp,Lookup Procedure,wkf_m_load_all_accord/s_m_load_ods_all_accord,Lookup Sql Override,,0
MetLife_p2_IB_OPAS_UDX,m_load_ods_all_accord,SQ_ASFUNDVALUATIONEFFECT,Source Qualifier,wkf_m_load_all_accord/s_m_load_ods_all_accord,Source Filter,,0
MetLife_p2_IB_OPAS_UDX,m_load_ods_all_accord,SQ_ASFUNDVALUATIONEFFECT,Source Qualifier,wkf_m_load_all_accord/s_m_load_ods_all_accord,User Defined Join,,0
MetLife_p2_IB_OPAS_UDX,m_load_ods_all_accord,SQ_ASFUNDVALUATIONEFFECT,Source Qualifier,wkf_m_load_all_accord/s_m_load_ods_all_accord,Sql Query,"SELECT  A.FUNDVALUATIONEFFECTGUID,  A.ACTIVITYGUID, A.AMOUNT, A.GAINLOSS,A.GAINLOSSONSHADOW,A.MONEYTYPECODE, A.UNITS from $$DBOWNER.ASFUNDVALUATIONEFFECT A JOIN $$DBOWNER.ASEQTBLEVENTMESSAGE B ON A.ACTIVITYGUID=B.ACTIVITYGUID AND EVENTID=61 and PROCESSED='N'",1
MetLife_p2_IB_OPAS_UDX,m_load_ods_all_accord,SQ_ASFUNDVALUATIONEFFECT,Source Qualifier,wkf_m_load_all_accord/s_m_load_ods_all_accord,Final Query,"SELECT  A.FUNDVALUATIONEFFECTGUID,  A.ACTIVITYGUID, A.AMOUNT, A.GAINLOSS,A.GAINLOSSONSHADOW,A.MONEYTYPECODE, A.UNITS from $$DBOWNER.ASFUNDVALUATIONEFFECT A JOIN $$DBOWNER.ASEQTBLEVENTMESSAGE B ON A.ACTIVITYGUID=B.ACTIVITYGUID AND EVENTID=61 and PROCESSED='N'",1
MetLife_p2_IB_OPAS_UDX,m_load_ods_all_accord,SQ_T_POL_TRAN_CHLD_DTH_CLM,Source Qualifier,wkf_m_load_all_accord/s_m_load_ods_all_accord,Source Filter,,0
MetLife_p2_IB_OPAS_UDX,m_load_ods_all_accord,SQ_T_POL_TRAN_CHLD_DTH_CLM,Source Qualifier,wkf_m_load_all_accord/s_m_load_ods_all_accord,User Defined Join,,0
MetLife_p2_IB_OPAS_UDX,m_load_ods_all_accord,SQ_T_POL_TRAN_CHLD_DTH_CLM,Source Qualifier,wkf_m_load_all_accord/s_m_load_ods_all_accord,Sql Query,,0
MetLife_p2_IB_OPAS_UDX,m_load_ods_all_accord,SQ_T_POL_TRAN_IMP_INCM,Source Qualifier,wkf_m_load_all_accord/s_m_load_ods_all_accord,Source Filter,,0
MetLife_p2_IB_OPAS_UDX,m_load_ods_all_accord,SQ_T_POL_TRAN_IMP_INCM,Source Qualifier,wkf_m_load_all_accord/s_m_load_ods_all_accord,User Defined Join,,0
MetLife_p2_IB_OPAS_UDX,m_load_ods_all_accord,SQ_T_POL_TRAN_IMP_INCM,Source Qualifier,wkf_m_load_all_accord/s_m_load_ods_all_accord,Sql Query,,0
MetLife_p2_IB_OPAS_UDX,m_load_ods_all_accord,SQ_T_CVR_OPT_BILL,Source Qualifier,wkf_m_load_all_accord/s_m_load_ods_all_accord,Source Filter,,0
MetLife_p2_IB_OPAS_UDX,m_load_ods_all_accord,SQ_T_CVR_OPT_BILL,Source Qualifier,wkf_m_load_all_accord/s_m_load_ods_all_accord,User Defined Join,,0
MetLife_p2_IB_OPAS_UDX,m_load_ods_all_accord,SQ_T_CVR_OPT_BILL,Source Qualifier,wkf_m_load_all_accord/s_m_load_ods_all_accord,Sql Query,,0
MetLife_p2_IB_OPAS_UDX,m_load_ods_all_accord,SQ_T_POL_TRAN_DIVD_TFER,Source Qualifier,wkf_m_load_all_accord/s_m_load_ods_all_accord,Source Filter,,0
MetLife_p2_IB_OPAS_UDX,m_load_ods_all_accord,SQ_T_POL_TRAN_DIVD_TFER,Source Qualifier,wkf_m_load_all_accord/s_m_load_ods_all_accord,User Defined Join,,0
MetLife_p2_IB_OPAS_UDX,m_load_ods_all_accord,SQ_T_POL_TRAN_DIVD_TFER,Source Qualifier,wkf_m_load_all_accord/s_m_load_ods_all_accord,Sql Query,,0
MetLife_p2_IB_OPAS_UDX,m_load_ods_all_accord,SQ_T_MODE_PREM_PY,Source Qualifier,wkf_m_load_all_accord/s_m_load_ods_all_accord,Source Filter,,0
MetLife_p2_IB_OPAS_UDX,m_load_ods_all_accord,SQ_T_MODE_PREM_PY,Source Qualifier,wkf_m_load_all_accord/s_m_load_ods_all_accord,User Defined Join,,0
MetLife_p2_IB_OPAS_UDX,m_load_ods_all_accord,SQ_T_MODE_PREM_PY,Source Qualifier,wkf_m_load_all_accord/s_m_load_ods_all_accord,Sql Query,,0
MetLife_p2_IB_OPAS_UDX,m_load_ods_all_accord,SQ_T_AGNT_PCT_SPLT_SURR,Source Qualifier,wkf_m_load_all_accord/s_m_load_ods_all_accord,Source Filter,,0
MetLife_p2_IB_OPAS_UDX,m_load_ods_all_accord,SQ_T_AGNT_PCT_SPLT_SURR,Source Qualifier,wkf_m_load_all_accord/s_m_load_ods_all_accord,User Defined Join,,0
MetLife_p2_IB_OPAS_UDX,m_load_ods_all_accord,SQ_T_AGNT_PCT_SPLT_SURR,Source Qualifier,wkf_m_load_all_accord/s_m_load_ods_all_accord,Sql Query,,0
MetLife_p2_IB_OPAS_UDX,m_load_ods_all_accord,SQ_T_POL_TRAN_QPP_CHG,Source Qualifier,wkf_m_load_all_accord/s_m_load_ods_all_accord,Source Filter,,0
MetLife_p2_IB_OPAS_UDX,m_load_ods_all_accord,SQ_T_POL_TRAN_QPP_CHG,Source Qualifier,wkf_m_load_all_accord/s_m_load_ods_all_accord,User Defined Join,,0
MetLife_p2_IB_OPAS_UDX,m_load_ods_all_accord,SQ_T_POL_TRAN_QPP_CHG,Source Qualifier,wkf_m_load_all_accord/s_m_load_ods_all_accord,Sql Query,,0
MetLife_p2_IB_OPAS_UDX,m_load_ods_all_accord,SQ_T_POL_TRAN_FND_TRFR,Source Qualifier,wkf_m_load_all_accord/s_m_load_ods_all_accord,Source Filter,,0
MetLife_p2_IB_OPAS_UDX,m_load_ods_all_accord,SQ_T_POL_TRAN_FND_TRFR,Source Qualifier,wkf_m_load_all_accord/s_m_load_ods_all_accord,User Defined Join,,0
MetLife_p2_IB_OPAS_UDX,m_load_ods_all_accord,SQ_T_POL_TRAN_FND_TRFR,Source Qualifier,wkf_m_load_all_accord/s_m_load_ods_all_accord,Sql Query,,0
MetLife_p2_IB_OPAS_UDX,m_load_ods_all_accord,SQ_T_CVG_MO_ANNV,Source Qualifier,wkf_m_load_all_accord/s_m_load_ods_all_accord,Source Filter,,0
MetLife_p2_IB_OPAS_UDX,m_load_ods_all_accord,SQ_T_CVG_MO_ANNV,Source Qualifier,wkf_m_load_all_accord/s_m_load_ods_all_accord,User Defined Join,,0
MetLife_p2_IB_OPAS_UDX,m_load_ods_all_accord,SQ_T_CVG_MO_ANNV,Source Qualifier,wkf_m_load_all_accord/s_m_load_ods_all_accord,Sql Query,,0
MetLife_p2_IB_OPAS_UDX,m_load_ods_all_accord,SQ_T_POL_TRAN_RSTRC_NOTE,Source Qualifier,wkf_m_load_all_accord/s_m_load_ods_all_accord,Source Filter,,0
MetLife_p2_IB_OPAS_UDX,m_load_ods_all_accord,SQ_T_POL_TRAN_RSTRC_NOTE,Source Qualifier,wkf_m_load_all_accord/s_m_load_ods_all_accord,User Defined Join,,0
MetLife_p2_IB_OPAS_UDX,m_load_ods_all_accord,SQ_T_POL_TRAN_RSTRC_NOTE,Source Qualifier,wkf_m_load_all_accord/s_m_load_ods_all_accord,Sql Query,,0
MetLife_p2_IB_OPAS_UDX,m_load_ods_all_accord,SQ_T_POL_TRAN_RPT_NTFN,Source Qualifier,wkf_m_load_all_accord/s_m_load_ods_all_accord,Source Filter,,0
MetLife_p2_IB_OPAS_UDX,m_load_ods_all_accord,SQ_T_POL_TRAN_RPT_NTFN,Source Qualifier,wkf_m_load_all_accord/s_m_load_ods_all_accord,User Defined Join,,0
MetLife_p2_IB_OPAS_UDX,m_load_ods_all_accord,SQ_T_POL_TRAN_RPT_NTFN,Source Qualifier,wkf_m_load_all_accord/s_m_load_ods_all_accord,Sql Query,,0
MetLife_p2_IB_OPAS_UDX,m_load_ods_all_accord,SQ_T_AGNT_PCT_SPLT_DSBRS,Source Qualifier,wkf_m_load_all_accord/s_m_load_ods_all_accord,Source Filter,,0
MetLife_p2_IB_OPAS_UDX,m_load_ods_all_accord,SQ_T_AGNT_PCT_SPLT_DSBRS,Source Qualifier,wkf_m_load_all_accord/s_m_load_ods_all_accord,User Defined Join,,0
MetLife_p2_IB_OPAS_UDX,m_load_ods_all_accord,SQ_T_AGNT_PCT_SPLT_DSBRS,Source Qualifier,wkf_m_load_all_accord/s_m_load_ods_all_accord,Sql Query,,0
MetLife_p2_IB_OPAS_UDX,m_load_ods_all_accord,SQ_T_POL_TRAN_PARTY_CHG,Source Qualifier,wkf_m_load_all_accord/s_m_load_ods_all_accord,Source Filter,,0
MetLife_p2_IB_OPAS_UDX,m_load_ods_all_accord,SQ_T_POL_TRAN_PARTY_CHG,Source Qualifier,wkf_m_load_all_accord/s_m_load_ods_all_accord,User Defined Join,,0
MetLife_p2_IB_OPAS_UDX,m_load_ods_all_accord,SQ_T_POL_TRAN_PARTY_CHG,Source Qualifier,wkf_m_load_all_accord/s_m_load_ods_all_accord,Sql Query,,0
MetLife_p2_IB_OPAS_UDX,m_load_ods_all_accord,SQ_T_POL_TRAN_POL_HIST,Source Qualifier,wkf_m_load_all_accord/s_m_load_ods_all_accord,Source Filter,,0
MetLife_p2_IB_OPAS_UDX,m_load_ods_all_accord,SQ_T_POL_TRAN_POL_HIST,Source Qualifier,wkf_m_load_all_accord/s_m_load_ods_all_accord,User Defined Join,,0
MetLife_p2_IB_OPAS_UDX,m_load_ods_all_accord,SQ_T_POL_TRAN_POL_HIST,Source Qualifier,wkf_m_load_all_accord/s_m_load_ods_all_accord,Sql Query,,0
MetLife_p2_IB_OPAS_UDX,m_load_ods_all_accord,LKP_T_POL_TRAN_POL_CHG_RDR_temp,Lookup Procedure,wkf_m_load_all_accord/s_m_load_ods_all_accord,Lookup Sql Override,,0
MetLife_p2_IB_OPAS_UDX,m_load_ods_all_accord,SQ_T_POL_TRAN_COMM_CHRGBCK,Source Qualifier,wkf_m_load_all_accord/s_m_load_ods_all_accord,Source Filter,,0
MetLife_p2_IB_OPAS_UDX,m_load_ods_all_accord,SQ_T_POL_TRAN_COMM_CHRGBCK,Source Qualifier,wkf_m_load_all_accord/s_m_load_ods_all_accord,User Defined Join,,0
MetLife_p2_IB_OPAS_UDX,m_load_ods_all_accord,SQ_T_POL_TRAN_COMM_CHRGBCK,Source Qualifier,wkf_m_load_all_accord/s_m_load_ods_all_accord,Sql Query,,0
MetLife_p2_IB_OPAS_UDX,m_load_ods_all_accord,LKP_COMM_CHRGBCK,Lookup Procedure,wkf_m_load_all_accord/s_m_load_ods_all_accord,Lookup Sql Override,,0
MetLife_p2_IB_OPAS_UDX,m_load_ods_all_accord,SQ_T_POL_TRAN_FLD_CHG,Source Qualifier,wkf_m_load_all_accord/s_m_load_ods_all_accord,Source Filter,,0
MetLife_p2_IB_OPAS_UDX,m_load_ods_all_accord,SQ_T_POL_TRAN_FLD_CHG,Source Qualifier,wkf_m_load_all_accord/s_m_load_ods_all_accord,User Defined Join,,0
MetLife_p2_IB_OPAS_UDX,m_load_ods_all_accord,SQ_T_POL_TRAN_FLD_CHG,Source Qualifier,wkf_m_load_all_accord/s_m_load_ods_all_accord,Sql Query,,0
MetLife_p2_IB_OPAS_UDX,m_load_ods_all_accord,SQ_T_POL_TRAN_ANNV,Source Qualifier,wkf_m_load_all_accord/s_m_load_ods_all_accord,Source Filter,,0
MetLife_p2_IB_OPAS_UDX,m_load_ods_all_accord,SQ_T_POL_TRAN_ANNV,Source Qualifier,wkf_m_load_all_accord/s_m_load_ods_all_accord,User Defined Join,,0
MetLife_p2_IB_OPAS_UDX,m_load_ods_all_accord,SQ_T_POL_TRAN_ANNV,Source Qualifier,wkf_m_load_all_accord/s_m_load_ods_all_accord,Sql Query,,0
MetLife_p2_IB_OPAS_UDX,m_load_ods_all_accord,SQ_T_DSBRS_RSTRC,Source Qualifier,wkf_m_load_all_accord/s_m_load_ods_all_accord,Source Filter,,0
MetLife_p2_IB_OPAS_UDX,m_load_ods_all_accord,SQ_T_DSBRS_RSTRC,Source Qualifier,wkf_m_load_all_accord/s_m_load_ods_all_accord,User Defined Join,,0
MetLife_p2_IB_OPAS_UDX,m_load_ods_all_accord,SQ_T_DSBRS_RSTRC,Source Qualifier,wkf_m_load_all_accord/s_m_load_ods_all_accord,Sql Query,,0
MetLife_p2_IB_OPAS_UDX,m_load_ods_all_accord,SQ_T_INS_POL_TRAN_FUND,Source Qualifier,wkf_m_load_all_accord/s_m_load_ods_all_accord,Source Filter,,0
MetLife_p2_IB_OPAS_UDX,m_load_ods_all_accord,SQ_T_INS_POL_TRAN_FUND,Source Qualifier,wkf_m_load_all_accord/s_m_load_ods_all_accord,User Defined Join,,0
MetLife_p2_IB_OPAS_UDX,m_load_ods_all_accord,SQ_T_INS_POL_TRAN_FUND,Source Qualifier,wkf_m_load_all_accord/s_m_load_ods_all_accord,Sql Query,,0
MetLife_p2_IB_OPAS_UDX,m_load_ods_all_accord,SQ_T_POL_TRAN_NFRFT_CHG,Source Qualifier,wkf_m_load_all_accord/s_m_load_ods_all_accord,Source Filter,,0
MetLife_p2_IB_OPAS_UDX,m_load_ods_all_accord,SQ_T_POL_TRAN_NFRFT_CHG,Source Qualifier,wkf_m_load_all_accord/s_m_load_ods_all_accord,User Defined Join,,0
MetLife_p2_IB_OPAS_UDX,m_load_ods_all_accord,SQ_T_POL_TRAN_NFRFT_CHG,Source Qualifier,wkf_m_load_all_accord/s_m_load_ods_all_accord,Sql Query,,0
MetLife_p2_IB_OPAS_UDX,m_load_ods_all_accord,SQ_T_POL_TRAN_POL_CHG_RDR,Source Qualifier,wkf_m_load_all_accord/s_m_load_ods_all_accord,Source Filter,,0
MetLife_p2_IB_OPAS_UDX,m_load_ods_all_accord,SQ_T_POL_TRAN_POL_CHG_RDR,Source Qualifier,wkf_m_load_all_accord/s_m_load_ods_all_accord,User Defined Join,,0
MetLife_p2_IB_OPAS_UDX,m_load_ods_all_accord,SQ_T_POL_TRAN_POL_CHG_RDR,Source Qualifier,wkf_m_load_all_accord/s_m_load_ods_all_accord,Sql Query,,0
MetLife_p2_IB_OPAS_UDX,m_load_ods_all_accord,SQ_T_POL_TRAN_ADDL_CRRS_1203,Source Qualifier,wkf_m_load_all_accord/s_m_load_ods_all_accord,Source Filter,,0
MetLife_p2_IB_OPAS_UDX,m_load_ods_all_accord,SQ_T_POL_TRAN_ADDL_CRRS_1203,Source Qualifier,wkf_m_load_all_accord/s_m_load_ods_all_accord,User Defined Join,,0
MetLife_p2_IB_OPAS_UDX,m_load_ods_all_accord,SQ_T_POL_TRAN_ADDL_CRRS_1203,Source Qualifier,wkf_m_load_all_accord/s_m_load_ods_all_accord,Sql Query,,0
MetLife_p2_IB_OPAS_UDX,m_load_ods_all_accord,SQ_T_POL_TRAN_STTS,Source Qualifier,wkf_m_load_all_accord/s_m_load_ods_all_accord,Source Filter,,0
MetLife_p2_IB_OPAS_UDX,m_load_ods_all_accord,SQ_T_POL_TRAN_STTS,Source Qualifier,wkf_m_load_all_accord/s_m_load_ods_all_accord,User Defined Join,,0
MetLife_p2_IB_OPAS_UDX,m_load_ods_all_accord,SQ_T_POL_TRAN_STTS,Source Qualifier,wkf_m_load_all_accord/s_m_load_ods_all_accord,Sql Query,,0
MetLife_p2_IB_OPAS_UDX,m_load_ods_all_accord,SQ_T_POL_TRAN_TAX_RPT,Source Qualifier,wkf_m_load_all_accord/s_m_load_ods_all_accord,Source Filter,,0
MetLife_p2_IB_OPAS_UDX,m_load_ods_all_accord,SQ_T_POL_TRAN_TAX_RPT,Source Qualifier,wkf_m_load_all_accord/s_m_load_ods_all_accord,User Defined Join,,0
MetLife_p2_IB_OPAS_UDX,m_load_ods_all_accord,SQ_T_POL_TRAN_TAX_RPT,Source Qualifier,wkf_m_load_all_accord/s_m_load_ods_all_accord,Sql Query,,0
MetLife_p2_IB_OPAS_UDX,m_load_ods_all_accord,SQ_T_POL_TRAN_DIVD_TERM_CONV,Source Qualifier,wkf_m_load_all_accord/s_m_load_ods_all_accord,Source Filter,,0
MetLife_p2_IB_OPAS_UDX,m_load_ods_all_accord,SQ_T_POL_TRAN_DIVD_TERM_CONV,Source Qualifier,wkf_m_load_all_accord/s_m_load_ods_all_accord,User Defined Join,,0
MetLife_p2_IB_OPAS_UDX,m_load_ods_all_accord,SQ_T_POL_TRAN_DIVD_TERM_CONV,Source Qualifier,wkf_m_load_all_accord/s_m_load_ods_all_accord,Sql Query,,0
MetLife_p2_IB_OPAS_UDX,m_load_ods_all_accord,SQ_T_POL_TRAN_DSBRS1,Source Qualifier,wkf_m_load_all_accord/s_m_load_ods_all_accord,Source Filter,,0
MetLife_p2_IB_OPAS_UDX,m_load_ods_all_accord,SQ_T_POL_TRAN_DSBRS1,Source Qualifier,wkf_m_load_all_accord/s_m_load_ods_all_accord,User Defined Join,,0
MetLife_p2_IB_OPAS_UDX,m_load_ods_all_accord,SQ_T_POL_TRAN_DSBRS1,Source Qualifier,wkf_m_load_all_accord/s_m_load_ods_all_accord,Sql Query,,0
MetLife_p2_IB_OPAS_UDX,m_load_ods_all_accord,lkp_DSBRS_RDR,Lookup Procedure,wkf_m_load_all_accord/s_m_load_ods_all_accord,Lookup Sql Override,,0
MetLife_p2_IB_OPAS_UDX,m_load_ods_all_accord,SQ_T_AGNT_PCT_SPLT,Source Qualifier,wkf_m_load_all_accord/s_m_load_ods_all_accord,Source Filter,,0
MetLife_p2_IB_OPAS_UDX,m_load_ods_all_accord,SQ_T_AGNT_PCT_SPLT,Source Qualifier,wkf_m_load_all_accord/s_m_load_ods_all_accord,User Defined Join,,0
MetLife_p2_IB_OPAS_UDX,m_load_ods_all_accord,SQ_T_AGNT_PCT_SPLT,Source Qualifier,wkf_m_load_all_accord/s_m_load_ods_all_accord,Sql Query,,0
MetLife_p2_IB_OPAS_UDX,m_load_ods_all_accord,SQ_T_POL_TRAN_DSBRS_RDR,Source Qualifier,wkf_m_load_all_accord/s_m_load_ods_all_accord,Source Filter,,0
MetLife_p2_IB_OPAS_UDX,m_load_ods_all_accord,SQ_T_POL_TRAN_DSBRS_RDR,Source Qualifier,wkf_m_load_all_accord/s_m_load_ods_all_accord,User Defined Join,,0
MetLife_p2_IB_OPAS_UDX,m_load_ods_all_accord,SQ_T_POL_TRAN_DSBRS_RDR,Source Qualifier,wkf_m_load_all_accord/s_m_load_ods_all_accord,Sql Query,,0
MetLife_p2_IB_OPAS_UDX,m_load_ods_all_accord,SQ_T_POL_TRAN_BILL_1801,Source Qualifier,wkf_m_load_all_accord/s_m_load_ods_all_accord,Source Filter,,0
MetLife_p2_IB_OPAS_UDX,m_load_ods_all_accord,SQ_T_POL_TRAN_BILL_1801,Source Qualifier,wkf_m_load_all_accord/s_m_load_ods_all_accord,User Defined Join,,0
MetLife_p2_IB_OPAS_UDX,m_load_ods_all_accord,SQ_T_POL_TRAN_BILL_1801,Source Qualifier,wkf_m_load_all_accord/s_m_load_ods_all_accord,Sql Query,,0
MetLife_p2_IB_OPAS_UDX,m_load_ods_all_accord,SQ_T_POL_TRAN_PRDCR_CHG,Source Qualifier,wkf_m_load_all_accord/s_m_load_ods_all_accord,Source Filter,,0
MetLife_p2_IB_OPAS_UDX,m_load_ods_all_accord,SQ_T_POL_TRAN_PRDCR_CHG,Source Qualifier,wkf_m_load_all_accord/s_m_load_ods_all_accord,User Defined Join,,0
MetLife_p2_IB_OPAS_UDX,m_load_ods_all_accord,SQ_T_POL_TRAN_PRDCR_CHG,Source Qualifier,wkf_m_load_all_accord/s_m_load_ods_all_accord,Sql Query,,0
MetLife_p2_IB_OPAS_UDX,m_load_ods_all_accord,SQ_T_POL_TRAN_PRICE_CORR,Source Qualifier,wkf_m_load_all_accord/s_m_load_ods_all_accord,Source Filter,,0
MetLife_p2_IB_OPAS_UDX,m_load_ods_all_accord,SQ_T_POL_TRAN_PRICE_CORR,Source Qualifier,wkf_m_load_all_accord/s_m_load_ods_all_accord,User Defined Join,,0
MetLife_p2_IB_OPAS_UDX,m_load_ods_all_accord,SQ_T_POL_TRAN_PRICE_CORR,Source Qualifier,wkf_m_load_all_accord/s_m_load_ods_all_accord,Sql Query,,0
MetLife_p2_IB_OPAS_UDX,m_load_ods_all_accord,SQ_T_POL_TRAN_COMM,Source Qualifier,wkf_m_load_all_accord/s_m_load_ods_all_accord,Source Filter,,0
MetLife_p2_IB_OPAS_UDX,m_load_ods_all_accord,SQ_T_POL_TRAN_COMM,Source Qualifier,wkf_m_load_all_accord/s_m_load_ods_all_accord,User Defined Join,,0
MetLife_p2_IB_OPAS_UDX,m_load_ods_all_accord,SQ_T_POL_TRAN_COMM,Source Qualifier,wkf_m_load_all_accord/s_m_load_ods_all_accord,Sql Query,,0
MetLife_p2_IB_OPAS_UDX,m_load_ods_all_accord,SQ_T_POL_TRAN_APO_TERM,Source Qualifier,wkf_m_load_all_accord/s_m_load_ods_all_accord,Source Filter,,0
MetLife_p2_IB_OPAS_UDX,m_load_ods_all_accord,SQ_T_POL_TRAN_APO_TERM,Source Qualifier,wkf_m_load_all_accord/s_m_load_ods_all_accord,User Defined Join,,0
MetLife_p2_IB_OPAS_UDX,m_load_ods_all_accord,SQ_T_POL_TRAN_APO_TERM,Source Qualifier,wkf_m_load_all_accord/s_m_load_ods_all_accord,Sql Query,,0
MetLife_p2_IB_OPAS_UDX,m_load_ods_all_accord,SQ_T_POL_ANNV_CVR_STTS,Source Qualifier,wkf_m_load_all_accord/s_m_load_ods_all_accord,Source Filter,,0
MetLife_p2_IB_OPAS_UDX,m_load_ods_all_accord,SQ_T_POL_ANNV_CVR_STTS,Source Qualifier,wkf_m_load_all_accord/s_m_load_ods_all_accord,User Defined Join,,0
MetLife_p2_IB_OPAS_UDX,m_load_ods_all_accord,SQ_T_POL_ANNV_CVR_STTS,Source Qualifier,wkf_m_load_all_accord/s_m_load_ods_all_accord,Sql Query,,0
MetLife_p2_IB_OPAS_UDX,m_load_ods_all_accord,SQ_T_POL_TRAN_SCHD_PREM_CHG,Source Qualifier,wkf_m_load_all_accord/s_m_load_ods_all_accord,Source Filter,,0
MetLife_p2_IB_OPAS_UDX,m_load_ods_all_accord,SQ_T_POL_TRAN_SCHD_PREM_CHG,Source Qualifier,wkf_m_load_all_accord/s_m_load_ods_all_accord,User Defined Join,,0
MetLife_p2_IB_OPAS_UDX,m_load_ods_all_accord,SQ_T_POL_TRAN_SCHD_PREM_CHG,Source Qualifier,wkf_m_load_all_accord/s_m_load_ods_all_accord,Sql Query,,0
MetLife_p2_IB_OPAS_UDX,m_load_ods_all_accord,SQ_T_INS_POL_TRAN,Source Qualifier,wkf_m_load_all_accord/s_m_load_ods_all_accord,Source Filter,,0
MetLife_p2_IB_OPAS_UDX,m_load_ods_all_accord,SQ_T_INS_POL_TRAN,Source Qualifier,wkf_m_load_all_accord/s_m_load_ods_all_accord,User Defined Join,,0
MetLife_p2_IB_OPAS_UDX,m_load_ods_all_accord,SQ_T_INS_POL_TRAN,Source Qualifier,wkf_m_load_all_accord/s_m_load_ods_all_accord,Sql Query,,0
MetLife_p2_IB_OPAS_UDX,m_load_ods_acord_1203,SQ_T_POL_CRRS,Source Qualifier,wkf_load_ods_1203/s_m_load_ods_acord_1203,Source Filter,,0
MetLife_p2_IB_OPAS_UDX,m_load_ods_acord_1203,SQ_T_POL_CRRS,Source Qualifier,wkf_load_ods_1203/s_m_load_ods_acord_1203,User Defined Join,,0
MetLife_p2_IB_OPAS_UDX,m_load_ods_acord_1203,SQ_T_POL_CRRS,Source Qualifier,wkf_load_ods_1203/s_m_load_ods_acord_1203,Sql Query,,0
MetLife_p2_IB_OPAS_UDX,m_load_ods_acord_1203,LKP_T_INS_POL_pol_crrs,Lookup Procedure,wkf_load_ods_1203/s_m_load_ods_acord_1203,Lookup Sql Override,,0
MetLife_p2_IB_OPAS_UDX,m_load_ods_acord_1203,SQ_T_INS_POL_CVR,Source Qualifier,wkf_load_ods_1203/s_m_load_ods_acord_1203,Source Filter,,0
MetLife_p2_IB_OPAS_UDX,m_load_ods_acord_1203,SQ_T_INS_POL_CVR,Source Qualifier,wkf_load_ods_1203/s_m_load_ods_acord_1203,User Defined Join,,0
MetLife_p2_IB_OPAS_UDX,m_load_ods_acord_1203,SQ_T_INS_POL_CVR,Source Qualifier,wkf_load_ods_1203/s_m_load_ods_acord_1203,Sql Query,,0
MetLife_p2_IB_OPAS_UDX,m_load_ods_acord_1203,SQ_T_POL_BUS_PARTY,Source Qualifier,wkf_load_ods_1203/s_m_load_ods_acord_1203,Source Filter,,0
MetLife_p2_IB_OPAS_UDX,m_load_ods_acord_1203,SQ_T_POL_BUS_PARTY,Source Qualifier,wkf_load_ods_1203/s_m_load_ods_acord_1203,User Defined Join,,0
MetLife_p2_IB_OPAS_UDX,m_load_ods_acord_1203,SQ_T_POL_BUS_PARTY,Source Qualifier,wkf_load_ods_1203/s_m_load_ods_acord_1203,Sql Query,,0
MetLife_p2_IB_OPAS_UDX,m_load_ods_acord_1203,lkp_t_ins_pol_cvr_temp,Lookup Procedure,wkf_load_ods_1203/s_m_load_ods_acord_1203,Lookup Sql Override,,0
MetLife_p2_IB_OPAS_UDX,m_load_ods_acord_1203,SQ_T_INS_POL_FUND,Source Qualifier,wkf_load_ods_1203/s_m_load_ods_acord_1203,Source Filter,,0
MetLife_p2_IB_OPAS_UDX,m_load_ods_acord_1203,SQ_T_INS_POL_FUND,Source Qualifier,wkf_load_ods_1203/s_m_load_ods_acord_1203,User Defined Join,,0
MetLife_p2_IB_OPAS_UDX,m_load_ods_acord_1203,SQ_T_INS_POL_FUND,Source Qualifier,wkf_load_ods_1203/s_m_load_ods_acord_1203,Sql Query,,0
MetLife_p2_IB_OPAS_UDX,m_load_ods_acord_1203,SQ_T_INS_POL,Source Qualifier,wkf_load_ods_1203/s_m_load_ods_acord_1203,Source Filter,,0
MetLife_p2_IB_OPAS_UDX,m_load_ods_acord_1203,SQ_T_INS_POL,Source Qualifier,wkf_load_ods_1203/s_m_load_ods_acord_1203,User Defined Join,,0
MetLife_p2_IB_OPAS_UDX,m_load_ods_acord_1203,SQ_T_INS_POL,Source Qualifier,wkf_load_ods_1203/s_m_load_ods_acord_1203,Sql Query,,0
MetLife_p2_IB_OPAS_UDX,m_load_ods_acord_1203,SQ_T_1035_POL_XCHG,Source Qualifier,wkf_load_ods_1203/s_m_load_ods_acord_1203,Source Filter,,0
MetLife_p2_IB_OPAS_UDX,m_load_ods_acord_1203,SQ_T_1035_POL_XCHG,Source Qualifier,wkf_load_ods_1203/s_m_load_ods_acord_1203,User Defined Join,,0
MetLife_p2_IB_OPAS_UDX,m_load_ods_acord_1203,SQ_T_1035_POL_XCHG,Source Qualifier,wkf_load_ods_1203/s_m_load_ods_acord_1203,Sql Query,,0
MetLife_p2_IB_OPAS_UDX,m_load_ods_acord_1203,SQ_T_CVR_WRT_AGNT,Source Qualifier,wkf_load_ods_1203/s_m_load_ods_acord_1203,Source Filter,,0
MetLife_p2_IB_OPAS_UDX,m_load_ods_acord_1203,SQ_T_CVR_WRT_AGNT,Source Qualifier,wkf_load_ods_1203/s_m_load_ods_acord_1203,User Defined Join,,0
MetLife_p2_IB_OPAS_UDX,m_load_ods_acord_1203,SQ_T_CVR_WRT_AGNT,Source Qualifier,wkf_load_ods_1203/s_m_load_ods_acord_1203,Sql Query,,0
MetLife_p2_IB_OPAS_UDX,m_load_opas_input,SQ_ASEQTBLEVENTMESSAGE_Err,Source Qualifier,wkf_load_ods_1203/s_m_load_opas_input_1203,Source Filter,,0
MetLife_p2_IB_OPAS_UDX,m_load_opas_input,SQ_ASEQTBLEVENTMESSAGE_Err,Source Qualifier,wkf_load_ods_1203/s_m_load_opas_input_1203,User Defined Join,,0
MetLife_p2_IB_OPAS_UDX,m_load_opas_input,SQ_ASEQTBLEVENTMESSAGE_Err,Source Qualifier,wkf_load_ods_1203/s_m_load_opas_input_1203,Sql Query,"SELECT EQTBLEVENTMESSAGEGUID FROM $$DBOWNER.ASEQTBLEVENTMESSAGE WHERE $$SQWHERE AND PROCESSED = 'N' AND ($$ERRCHECK1 <= 0 OR $$ERRCHECK2 <= 0 OR $$ERRCHECK3 <= 0 OR $$ERRCHECK4 <= 0) ORDER BY POLICYGUID, ENTRYGMT",1
MetLife_p2_IB_OPAS_UDX,m_load_opas_input,SQ_ASEQTBLEVENTMESSAGE_Err,Source Qualifier,wkf_load_ods_1203/s_m_load_opas_input_1203,Final Query,"SELECT EQTBLEVENTMESSAGEGUID FROM $$DBOWNER.ASEQTBLEVENTMESSAGE WHERE $$SQWHERE AND PROCESSED = 'N' AND ($$ERRCHECK1 <= 0 OR $$ERRCHECK2 <= 0 OR $$ERRCHECK3 <= 0 OR $$ERRCHECK4 <= 0) ORDER BY POLICYGUID, ENTRYGMT",1
MetLife_p2_IB_OPAS_UDX,m_load_opas_input,lkp_PRE_INPUT,Lookup Procedure,wkf_load_ods_1203/s_m_load_opas_input_1203,Lookup Sql Override,,0
MetLife_p2_IB_OPAS_UDX,m_load_opas_input,SQ_ASEQTBLEVENTMESSAGE,Source Qualifier,wkf_load_ods_1203/s_m_load_opas_input_1203,Source Filter,,0
MetLife_p2_IB_OPAS_UDX,m_load_opas_input,SQ_ASEQTBLEVENTMESSAGE,Source Qualifier,wkf_load_ods_1203/s_m_load_opas_input_1203,User Defined Join,,0
MetLife_p2_IB_OPAS_UDX,m_load_opas_input,SQ_ASEQTBLEVENTMESSAGE,Source Qualifier,wkf_load_ods_1203/s_m_load_opas_input_1203,Sql Query,"SELECT EQTBLEVENTMESSAGEGUID,ACORDMESSAGE FROM $$DBOWNER.ASEQTBLEVENTMESSAGE AB, _x000D_
(SELECT MAX(ENTRYGMT) ENTRYGMT,POLICYGUID _x000D_
FROM $$DBOWNER.ASEQTBLEVENTMESSAGE _x000D_
WHERE LOCATE('<TransType tc=""1203"">',ACORDMESSAGE)!=0 _x000D_
AND LOCATE('<TransSubType tc=""19100"">',ACORDMESSAGE)!=0 _x000D_
AND PROCESSED = 'N' _x000D_
AND LOCATE('</PolNumber>',ACORDMESSAGE) - LOCATE('<PolNumber>',ACORDMESSAGE)-11 > 0 _x000D_
AND LOCATE('</PolSuffix>',ACORDMESSAGE) - LOCATE('<PolSuffix>',ACORDMESSAGE)-11 > 0 _x000D_
AND LOCATE('</CarrierCode>',ACORDMESSAGE) - LOCATE('<CarrierCode>',ACORDMESSAGE)-13 > 0 _x000D_
AND LOCATE('</TransExeDate>',ACORDMESSAGE) - LOCATE('<TransExeDate>',ACORDMESSAGE)-14 > 0 _x000D_
GROUP BY POLICYGUID) CD _x000D_
WHERE AB.POLICYGUID = CD.POLICYGUID _x000D_
AND AB.ENTRYGMT = CD.ENTRYGMT",13
MetLife_p2_IB_OPAS_UDX,m_load_opas_input,SQ_ASEQTBLEVENTMESSAGE,Source Qualifier,wkf_load_ods_1203/s_m_load_opas_input_1203,Final Query,"SELECT EQTBLEVENTMESSAGEGUID,ACORDMESSAGE FROM $$DBOWNER.ASEQTBLEVENTMESSAGE AB, _x000D_
(SELECT MAX(ENTRYGMT) ENTRYGMT,POLICYGUID _x000D_
FROM $$DBOWNER.ASEQTBLEVENTMESSAGE _x000D_
WHERE LOCATE('<TransType tc=""1203"">',ACORDMESSAGE)!=0 _x000D_
AND LOCATE('<TransSubType tc=""19100"">',ACORDMESSAGE)!=0 _x000D_
AND PROCESSED = 'N' _x000D_
AND LOCATE('</PolNumber>',ACORDMESSAGE) - LOCATE('<PolNumber>',ACORDMESSAGE)-11 > 0 _x000D_
AND LOCATE('</PolSuffix>',ACORDMESSAGE) - LOCATE('<PolSuffix>',ACORDMESSAGE)-11 > 0 _x000D_
AND LOCATE('</CarrierCode>',ACORDMESSAGE) - LOCATE('<CarrierCode>',ACORDMESSAGE)-13 > 0 _x000D_
AND LOCATE('</TransExeDate>',ACORDMESSAGE) - LOCATE('<TransExeDate>',ACORDMESSAGE)-14 > 0 _x000D_
GROUP BY POLICYGUID) CD _x000D_
WHERE AB.POLICYGUID = CD.POLICYGUID _x000D_
AND AB.ENTRYGMT = CD.ENTRYGMT",13
MetLife_p2_IB_OPAS_UDX,m_T_INS_POL_TRAN_Rejected_Records,SQ_SRC_T_INS_POL_TRAN_TEMP,Source Qualifier,wkf_m_load_all_accord/s_m_T_INS_POL_TRAN_Rejected_Records,Source Filter,,0
MetLife_p2_IB_OPAS_UDX,m_T_INS_POL_TRAN_Rejected_Records,SQ_SRC_T_INS_POL_TRAN_TEMP,Source Qualifier,wkf_m_load_all_accord/s_m_T_INS_POL_TRAN_Rejected_Records,User Defined Join,,0
MetLife_p2_IB_OPAS_UDX,m_T_INS_POL_TRAN_Rejected_Records,SQ_SRC_T_INS_POL_TRAN_TEMP,Source Qualifier,wkf_m_load_all_accord/s_m_T_INS_POL_TRAN_Rejected_Records,Sql Query,,0
MetLife_p2_IB_OPAS_UDX,m_T_INS_POL_TRAN_Rejected_Records,SQ_T_INS_POL_TRAN,Source Qualifier,wkf_m_load_all_accord/s_m_T_INS_POL_TRAN_Rejected_Records,Source Filter,,0
MetLife_p2_IB_OPAS_UDX,m_T_INS_POL_TRAN_Rejected_Records,SQ_T_INS_POL_TRAN,Source Qualifier,wkf_m_load_all_accord/s_m_T_INS_POL_TRAN_Rejected_Records,User Defined Join,,0
MetLife_p2_IB_OPAS_UDX,m_T_INS_POL_TRAN_Rejected_Records,SQ_T_INS_POL_TRAN,Source Qualifier,wkf_m_load_all_accord/s_m_T_INS_POL_TRAN_Rejected_Records,Sql Query,"SELECT MSTR_ID,TRAN_DT,TRAN_TYP_CD,TRAN_SEQ_NUM,TRAN_ACT_GUID_CD,TRAN_ORIG_GUID_CD FROM $$DB2OWNER.T_INS_POL_TRAN WHERE REC_CRT_TS = (SELECT MAX(REC_CRT_TS) FROM $$DB2OWNER.T_INS_POL_TRAN)",1
MetLife_p2_IB_OPAS_UDX,m_T_INS_POL_TRAN_Rejected_Records,SQ_T_INS_POL_TRAN,Source Qualifier,wkf_m_load_all_accord/s_m_T_INS_POL_TRAN_Rejected_Records,Final Query,"SELECT MSTR_ID,TRAN_DT,TRAN_TYP_CD,TRAN_SEQ_NUM,TRAN_ACT_GUID_CD,TRAN_ORIG_GUID_CD FROM $$DB2OWNER.T_INS_POL_TRAN WHERE REC_CRT_TS = (SELECT MAX(REC_CRT_TS) FROM $$DB2OWNER.T_INS_POL_TRAN)",1
MetLife_p2_RAD_APP11538_GVWB_LNOX,m_LENOX_GVUL_ACCORD_XML,SQ_src_GVUL,Source Qualifier,wf_m_LENOX_GVUL_ACCORD_XML/s_m_LENOX_GVUL_ACCORD_XML,Source Filter,,0
MetLife_p2_RAD_APP11538_GVWB_LNOX,m_LENOX_GVUL_ACCORD_XML,SQ_src_GVUL,Source Qualifier,wf_m_LENOX_GVUL_ACCORD_XML/s_m_LENOX_GVUL_ACCORD_XML,User Defined Join,,0
MetLife_p2_RAD_APP11538_GVWB_LNOX,m_LENOX_GVUL_ACCORD_XML,SQ_src_GVUL,Source Qualifier,wf_m_LENOX_GVUL_ACCORD_XML/s_m_LENOX_GVUL_ACCORD_XML,Sql Query,,0
MetLife_p2_RAD_APP11538_GVWB_LNOX,m_LENOX_token_creation_for_getplatform,SQ_Src_SMD,Source Qualifier,wf_m_LENOX_token_creation_for_getplatform/s_m_LENOX_token_creation_for_getplatform,Source Filter,,0
MetLife_p2_RAD_APP11538_GVWB_LNOX,m_LENOX_token_creation_for_getplatform,SQ_Src_SMD,Source Qualifier,wf_m_LENOX_token_creation_for_getplatform/s_m_LENOX_token_creation_for_getplatform,User Defined Join,,0
MetLife_p2_RAD_APP11538_GVWB_LNOX,m_LENOX_token_creation_for_getplatform,SQ_Src_SMD,Source Qualifier,wf_m_LENOX_token_creation_for_getplatform/s_m_LENOX_token_creation_for_getplatform,Sql Query,,0
