"","","","","","",""
"","","","","","",""
"","","","","","",""
"","","","","","",""
"","","","","","",""
"","","","","","",""
"","","","","","",""
"","","","","","",""
"","","","","","",""
"","","","","","",""
"","","","","","",""
"","","","","","",""
"","","","","","",""
"","","","","","",""
"","","","","","",""
"","8","","","","8",""
"","3","","","","3",""
"","2","","","","2",""
"","2","","","","2",""
"","3","","","","3",""
"","","","","","",""
"","0","","","","0",""
"","0","","","","0",""
"","0","","","","0",""
"","0","","","","0",""
"","0","","","","0",""
"","","","","","",""
"","8","","","","8",""
"","3","","","","3",""
"","2","","","","2",""
"","2","","","","2",""
"","3","","","","3",""
"","","","","","",""
"","8","","","","",""
"","0","","","","",""
"","1","","","","",""
"","0","","","","",""
"","","","","","",""
"","0","","","","",""
"","0","","","","",""
"","0","","","","",""
"","0","","","","",""
"","","","","","",""
"","","","","","",""
"","","","","","",""
"","","","","","",""
"","","","","","",""
"","","","","","",""
"","","","","","",""
"","","","","","",""
"","","","","","",""
"","","","","","",""
"","","","","","",""
"","","","","","",""
"","","","","","",""
"","7","7","","","",""
"","1","1","","","",""
"","75","75","","","",""
"","80","80","","","",""
"","1","1","","","",""
"","1","1","","","",""
"","17","17","","","",""
"","4","4","","","",""
"","1","1","","","",""
"","4","4","","","",""
"","2","2","","","",""
"","2","2","","","",""
"Un-Connected Lookup ","7","7","","","",""
"","70","70","","","",""
"","1","1","","","",""
"","1","1","","","",""
"","6","6","","","",""
"","117","117","","","",""
