"Subject Area","Mapping Name","Component Type","Component Name","Property Type","Property Values","Reusable","Unused/Unconnected Mapping"
"Demo","mp_Claims_Reports_Demo","Target Definition","Fruad_Smoker_by_State","INSTANCE:DESCRIPTION","","NO","NO"
"Demo","mp_Claims_Reports_Demo","Target Definition","Fruad_Smoker_by_State","INSTANCE:NAME","Fruad_Smoker_by_State","NO","NO"
"Demo","mp_Claims_Reports_Demo","Target Definition","Fruad_Smoker_by_State","INSTANCE:TRANSFORMATION_NAME","Fruad_Smoker_by_State_FF","NO","NO"
"Demo","mp_Claims_Reports_Demo","Target Definition","Fruad_Smoker_by_State","INSTANCE:TRANSFORMATION_TYPE","Target Definition","NO","NO"
"Demo","mp_Claims_Reports_Demo","Target Definition","Fruad_Smoker_by_State","INSTANCE:TYPE","TARGET","NO","NO"
"Demo","mp_Claims_Reports_Demo","Target Definition","Fruad_Smoker_by_State","TARGET:BUSINESSNAME","","NO","NO"
"Demo","mp_Claims_Reports_Demo","Target Definition","Fruad_Smoker_by_State","TARGET:CONSTRAINT","","NO","NO"
"Demo","mp_Claims_Reports_Demo","Target Definition","Fruad_Smoker_by_State","TARGET:DATABASETYPE","Flat File","NO","NO"
"Demo","mp_Claims_Reports_Demo","Target Definition","Fruad_Smoker_by_State","TARGET:DESCRIPTION","","NO","NO"
"Demo","mp_Claims_Reports_Demo","Target Definition","Fruad_Smoker_by_State","TARGET:NAME","Fruad_Smoker_by_State_FF","NO","NO"
"Demo","mp_Claims_Reports_Demo","Target Definition","Fruad_Smoker_by_State","TARGET:OBJECTVERSION","1","NO","NO"
"Demo","mp_Claims_Reports_Demo","Target Definition","Fruad_Smoker_by_State","TARGET:TABLEOPTIONS","","NO","NO"
"Demo","mp_Claims_Reports_Demo","Target Definition","Fruad_Smoker_by_State","TARGET:VERSIONNUMBER","2","NO","NO"
"Demo","mp_Claims_Reports_Demo","Target Definition","Fruad_Smoker_by_State","FLATFILE:CODEPAGE","MS1252","NO","NO"
"Demo","mp_Claims_Reports_Demo","Target Definition","Fruad_Smoker_by_State","FLATFILE:CONSECDELIMITERSASONE","NO","NO","NO"
"Demo","mp_Claims_Reports_Demo","Target Definition","Fruad_Smoker_by_State","FLATFILE:DELIMITED","YES","NO","NO"
"Demo","mp_Claims_Reports_Demo","Target Definition","Fruad_Smoker_by_State","FLATFILE:DELIMITERS",",","NO","NO"
"Demo","mp_Claims_Reports_Demo","Target Definition","Fruad_Smoker_by_State","FLATFILE:ESCAPE_CHARACTER","","NO","NO"
"Demo","mp_Claims_Reports_Demo","Target Definition","Fruad_Smoker_by_State","FLATFILE:KEEPESCAPECHAR","NO","NO","NO"
"Demo","mp_Claims_Reports_Demo","Target Definition","Fruad_Smoker_by_State","FLATFILE:LINESEQUENTIAL","NO","NO","NO"
"Demo","mp_Claims_Reports_Demo","Target Definition","Fruad_Smoker_by_State","FLATFILE:MULTIDELIMITERSASAND","NO","NO","NO"
"Demo","mp_Claims_Reports_Demo","Target Definition","Fruad_Smoker_by_State","FLATFILE:NULLCHARTYPE","ASCII","NO","NO"
"Demo","mp_Claims_Reports_Demo","Target Definition","Fruad_Smoker_by_State","FLATFILE:NULL_CHARACTER","*","NO","NO"
"Demo","mp_Claims_Reports_Demo","Target Definition","Fruad_Smoker_by_State","FLATFILE:PADBYTES","1","NO","NO"
"Demo","mp_Claims_Reports_Demo","Target Definition","Fruad_Smoker_by_State","FLATFILE:QUOTE_CHARACTER","DOUBLE","NO","NO"
"Demo","mp_Claims_Reports_Demo","Target Definition","Fruad_Smoker_by_State","FLATFILE:REPEATABLE","NO","NO","NO"
"Demo","mp_Claims_Reports_Demo","Target Definition","Fruad_Smoker_by_State","FLATFILE:ROWDELIMITER","0","NO","NO"
"Demo","mp_Claims_Reports_Demo","Target Definition","Fruad_Smoker_by_State","FLATFILE:SKIPROWS","0","NO","NO"
"Demo","mp_Claims_Reports_Demo","Target Definition","Fruad_Smoker_by_State","FLATFILE:STRIPTRAILINGBLANKS","NO","NO","NO"
"Demo","mp_Claims_Reports_Demo","Target Definition","Fruad_Smoker_by_State","TABLEATTRIBUTE:Datetime Format","A  19 mm/dd/yyyy hh24:mi:ss","NO","NO"
"Demo","mp_Claims_Reports_Demo","Target Definition","Fruad_Smoker_by_State","TABLEATTRIBUTE:Thousand Separator","None","NO","NO"
"Demo","mp_Claims_Reports_Demo","Target Definition","Fruad_Smoker_by_State","TABLEATTRIBUTE:Decimal Separator",".","NO","NO"
"Demo","mp_Claims_Reports_Demo","Target Definition","Fruad_Smoker_by_State","TABLEATTRIBUTE:Line Endings","System default","NO","NO"
"Demo","mp_Claims_Reports_Demo","Target Definition","Total_Claim_FF_Full","INSTANCE:DESCRIPTION","","NO","NO"
"Demo","mp_Claims_Reports_Demo","Target Definition","Total_Claim_FF_Full","INSTANCE:NAME","Total_Claim_FF_Full","NO","NO"
"Demo","mp_Claims_Reports_Demo","Target Definition","Total_Claim_FF_Full","INSTANCE:TRANSFORMATION_NAME","Total_Claim_FF_Full","NO","NO"
"Demo","mp_Claims_Reports_Demo","Target Definition","Total_Claim_FF_Full","INSTANCE:TRANSFORMATION_TYPE","Target Definition","NO","NO"
"Demo","mp_Claims_Reports_Demo","Target Definition","Total_Claim_FF_Full","INSTANCE:TYPE","TARGET","NO","NO"
"Demo","mp_Claims_Reports_Demo","Target Definition","Total_Claim_FF_Full","TARGET:BUSINESSNAME","","NO","NO"
"Demo","mp_Claims_Reports_Demo","Target Definition","Total_Claim_FF_Full","TARGET:CONSTRAINT","","NO","NO"
"Demo","mp_Claims_Reports_Demo","Target Definition","Total_Claim_FF_Full","TARGET:DATABASETYPE","Flat File","NO","NO"
"Demo","mp_Claims_Reports_Demo","Target Definition","Total_Claim_FF_Full","TARGET:DESCRIPTION","","NO","NO"
"Demo","mp_Claims_Reports_Demo","Target Definition","Total_Claim_FF_Full","TARGET:NAME","Total_Claim_FF_Full","NO","NO"
"Demo","mp_Claims_Reports_Demo","Target Definition","Total_Claim_FF_Full","TARGET:OBJECTVERSION","1","NO","NO"
"Demo","mp_Claims_Reports_Demo","Target Definition","Total_Claim_FF_Full","TARGET:TABLEOPTIONS","","NO","NO"
"Demo","mp_Claims_Reports_Demo","Target Definition","Total_Claim_FF_Full","TARGET:VERSIONNUMBER","2","NO","NO"
"Demo","mp_Claims_Reports_Demo","Target Definition","Total_Claim_FF_Full","FLATFILE:CODEPAGE","MS1252","NO","NO"
"Demo","mp_Claims_Reports_Demo","Target Definition","Total_Claim_FF_Full","FLATFILE:CONSECDELIMITERSASONE","NO","NO","NO"
"Demo","mp_Claims_Reports_Demo","Target Definition","Total_Claim_FF_Full","FLATFILE:DELIMITED","YES","NO","NO"
"Demo","mp_Claims_Reports_Demo","Target Definition","Total_Claim_FF_Full","FLATFILE:DELIMITERS",",","NO","NO"
"Demo","mp_Claims_Reports_Demo","Target Definition","Total_Claim_FF_Full","FLATFILE:ESCAPE_CHARACTER","","NO","NO"
"Demo","mp_Claims_Reports_Demo","Target Definition","Total_Claim_FF_Full","FLATFILE:KEEPESCAPECHAR","NO","NO","NO"
"Demo","mp_Claims_Reports_Demo","Target Definition","Total_Claim_FF_Full","FLATFILE:LINESEQUENTIAL","NO","NO","NO"
"Demo","mp_Claims_Reports_Demo","Target Definition","Total_Claim_FF_Full","FLATFILE:MULTIDELIMITERSASAND","NO","NO","NO"
"Demo","mp_Claims_Reports_Demo","Target Definition","Total_Claim_FF_Full","FLATFILE:NULLCHARTYPE","ASCII","NO","NO"
"Demo","mp_Claims_Reports_Demo","Target Definition","Total_Claim_FF_Full","FLATFILE:NULL_CHARACTER","*","NO","NO"
"Demo","mp_Claims_Reports_Demo","Target Definition","Total_Claim_FF_Full","FLATFILE:PADBYTES","1","NO","NO"
"Demo","mp_Claims_Reports_Demo","Target Definition","Total_Claim_FF_Full","FLATFILE:QUOTE_CHARACTER","NONE","NO","NO"
"Demo","mp_Claims_Reports_Demo","Target Definition","Total_Claim_FF_Full","FLATFILE:REPEATABLE","NO","NO","NO"
"Demo","mp_Claims_Reports_Demo","Target Definition","Total_Claim_FF_Full","FLATFILE:ROWDELIMITER","0","NO","NO"
"Demo","mp_Claims_Reports_Demo","Target Definition","Total_Claim_FF_Full","FLATFILE:SKIPROWS","0","NO","NO"
"Demo","mp_Claims_Reports_Demo","Target Definition","Total_Claim_FF_Full","FLATFILE:STRIPTRAILINGBLANKS","NO","NO","NO"
"Demo","mp_Claims_Reports_Demo","Target Definition","Total_Claim_FF_Full","TABLEATTRIBUTE:Datetime Format","A  19 mm/dd/yyyy hh24:mi:ss","NO","NO"
"Demo","mp_Claims_Reports_Demo","Target Definition","Total_Claim_FF_Full","TABLEATTRIBUTE:Thousand Separator","None","NO","NO"
"Demo","mp_Claims_Reports_Demo","Target Definition","Total_Claim_FF_Full","TABLEATTRIBUTE:Decimal Separator",".","NO","NO"
"Demo","mp_Claims_Reports_Demo","Target Definition","Total_Claim_FF_Full","TABLEATTRIBUTE:Line Endings","System default","NO","NO"
"Demo","mp_Claims_Reports_Demo","Source Definition","Insured_Member_FF","INSTANCE:DBDNAME","FlatFile","NO","NO"
"Demo","mp_Claims_Reports_Demo","Source Definition","Insured_Member_FF","INSTANCE:DESCRIPTION","","NO","NO"
"Demo","mp_Claims_Reports_Demo","Source Definition","Insured_Member_FF","INSTANCE:NAME","Insured_Member_FF","NO","NO"
"Demo","mp_Claims_Reports_Demo","Source Definition","Insured_Member_FF","INSTANCE:TRANSFORMATION_NAME","Insured_Member_FF","NO","NO"
"Demo","mp_Claims_Reports_Demo","Source Definition","Insured_Member_FF","INSTANCE:TRANSFORMATION_TYPE","Source Definition","NO","NO"
"Demo","mp_Claims_Reports_Demo","Source Definition","Insured_Member_FF","INSTANCE:TYPE","SOURCE","NO","NO"
"Demo","mp_Claims_Reports_Demo","Source Definition","Claim","INSTANCE:DBDNAME","FlatFile","NO","NO"
"Demo","mp_Claims_Reports_Demo","Source Definition","Claim","INSTANCE:DESCRIPTION","","NO","NO"
"Demo","mp_Claims_Reports_Demo","Source Definition","Claim","INSTANCE:NAME","Claim","NO","NO"
"Demo","mp_Claims_Reports_Demo","Source Definition","Claim","INSTANCE:TRANSFORMATION_NAME","Claim_DF","NO","NO"
"Demo","mp_Claims_Reports_Demo","Source Definition","Claim","INSTANCE:TRANSFORMATION_TYPE","Source Definition","NO","NO"
"Demo","mp_Claims_Reports_Demo","Source Definition","Claim","INSTANCE:TYPE","SOURCE","NO","NO"
"Demo","mp_Claims_Reports_Demo","Source Definition","PolicyFFVersion","INSTANCE:DBDNAME","FlatFile","NO","NO"
"Demo","mp_Claims_Reports_Demo","Source Definition","PolicyFFVersion","INSTANCE:DESCRIPTION","","NO","NO"
"Demo","mp_Claims_Reports_Demo","Source Definition","PolicyFFVersion","INSTANCE:NAME","PolicyFFVersion","NO","NO"
"Demo","mp_Claims_Reports_Demo","Source Definition","PolicyFFVersion","INSTANCE:TRANSFORMATION_NAME","PolicyFFVersion","NO","NO"
"Demo","mp_Claims_Reports_Demo","Source Definition","PolicyFFVersion","INSTANCE:TRANSFORMATION_TYPE","Source Definition","NO","NO"
"Demo","mp_Claims_Reports_Demo","Source Definition","PolicyFFVersion","INSTANCE:TYPE","SOURCE","NO","NO"
"Demo","mp_Claims_Reports_Demo","Source Qualifier","SQ_PolicyFFVersion","INSTANCE:DESCRIPTION","","NO","NO"
"Demo","mp_Claims_Reports_Demo","Source Qualifier","SQ_PolicyFFVersion","INSTANCE:NAME","SQ_PolicyFFVersion","NO","NO"
"Demo","mp_Claims_Reports_Demo","Source Qualifier","SQ_PolicyFFVersion","INSTANCE:REUSABLE","NO","NO","NO"
"Demo","mp_Claims_Reports_Demo","Source Qualifier","SQ_PolicyFFVersion","INSTANCE:TRANSFORMATION_NAME","SQ_PolicyFFVersion","NO","NO"
"Demo","mp_Claims_Reports_Demo","Source Qualifier","SQ_PolicyFFVersion","INSTANCE:TRANSFORMATION_TYPE","Source Qualifier","NO","NO"
"Demo","mp_Claims_Reports_Demo","Source Qualifier","SQ_PolicyFFVersion","INSTANCE:TYPE","TRANSFORMATION","NO","NO"
"Demo","mp_Claims_Reports_Demo","Source Qualifier","SQ_PolicyFFVersion","ASSOCIATED_SOURCE_INSTANCE:NAME","PolicyFFVersion","NO","NO"
"Demo","mp_Claims_Reports_Demo","Source Qualifier","SQ_PolicyFFVersion","TRANSFORMATION:DESCRIPTION","","NO","NO"
"Demo","mp_Claims_Reports_Demo","Source Qualifier","SQ_PolicyFFVersion","TRANSFORMATION:NAME","SQ_PolicyFFVersion","NO","NO"
"Demo","mp_Claims_Reports_Demo","Source Qualifier","SQ_PolicyFFVersion","TRANSFORMATION:OBJECTVERSION","1","NO","NO"
"Demo","mp_Claims_Reports_Demo","Source Qualifier","SQ_PolicyFFVersion","TRANSFORMATION:REUSABLE","NO","NO","NO"
"Demo","mp_Claims_Reports_Demo","Source Qualifier","SQ_PolicyFFVersion","TRANSFORMATION:TYPE","Source Qualifier","NO","NO"
"Demo","mp_Claims_Reports_Demo","Source Qualifier","SQ_PolicyFFVersion","TRANSFORMATION:VERSIONNUMBER","2","NO","NO"
"Demo","mp_Claims_Reports_Demo","Source Qualifier","SQ_PolicyFFVersion","TABLEATTRIBUTE:Sql Query","","NO","NO"
"Demo","mp_Claims_Reports_Demo","Source Qualifier","SQ_PolicyFFVersion","TABLEATTRIBUTE:User Defined Join","","NO","NO"
"Demo","mp_Claims_Reports_Demo","Source Qualifier","SQ_PolicyFFVersion","TABLEATTRIBUTE:Source Filter","","NO","NO"
"Demo","mp_Claims_Reports_Demo","Source Qualifier","SQ_PolicyFFVersion","TABLEATTRIBUTE:Number Of Sorted Ports","0","NO","NO"
"Demo","mp_Claims_Reports_Demo","Source Qualifier","SQ_PolicyFFVersion","TABLEATTRIBUTE:Tracing Level","Normal","NO","NO"
"Demo","mp_Claims_Reports_Demo","Source Qualifier","SQ_PolicyFFVersion","TABLEATTRIBUTE:Select Distinct","NO","NO","NO"
"Demo","mp_Claims_Reports_Demo","Source Qualifier","SQ_PolicyFFVersion","TABLEATTRIBUTE:Is Partitionable","NO","NO","NO"
"Demo","mp_Claims_Reports_Demo","Source Qualifier","SQ_PolicyFFVersion","TABLEATTRIBUTE:Pre SQL","","NO","NO"
"Demo","mp_Claims_Reports_Demo","Source Qualifier","SQ_PolicyFFVersion","TABLEATTRIBUTE:Post SQL","","NO","NO"
"Demo","mp_Claims_Reports_Demo","Source Qualifier","SQ_PolicyFFVersion","TABLEATTRIBUTE:Output is deterministic","NO","NO","NO"
"Demo","mp_Claims_Reports_Demo","Source Qualifier","SQ_PolicyFFVersion","TABLEATTRIBUTE:Output is repeatable","Never","NO","NO"
"Demo","mp_Claims_Reports_Demo","Source Qualifier","SQ_PolicyFFVersion","SOURCE:BUSINESSNAME","","NO","NO"
"Demo","mp_Claims_Reports_Demo","Source Qualifier","SQ_PolicyFFVersion","SOURCE:DATABASETYPE","Flat File","NO","NO"
"Demo","mp_Claims_Reports_Demo","Source Qualifier","SQ_PolicyFFVersion","SOURCE:DBDNAME","FlatFile","NO","NO"
"Demo","mp_Claims_Reports_Demo","Source Qualifier","SQ_PolicyFFVersion","SOURCE:DESCRIPTION","","NO","NO"
"Demo","mp_Claims_Reports_Demo","Source Qualifier","SQ_PolicyFFVersion","SOURCE:NAME","PolicyFFVersion","NO","NO"
"Demo","mp_Claims_Reports_Demo","Source Qualifier","SQ_PolicyFFVersion","SOURCE:OBJECTVERSION","1","NO","NO"
"Demo","mp_Claims_Reports_Demo","Source Qualifier","SQ_PolicyFFVersion","SOURCE:OWNERNAME","","NO","NO"
"Demo","mp_Claims_Reports_Demo","Source Qualifier","SQ_PolicyFFVersion","SOURCE:VERSIONNUMBER","2","NO","NO"
"Demo","mp_Claims_Reports_Demo","Source Qualifier","SQ_PolicyFFVersion","FLATFILE:CODEPAGE","MS1252","NO","NO"
"Demo","mp_Claims_Reports_Demo","Source Qualifier","SQ_PolicyFFVersion","FLATFILE:CONSECDELIMITERSASONE","NO","NO","NO"
"Demo","mp_Claims_Reports_Demo","Source Qualifier","SQ_PolicyFFVersion","FLATFILE:DELIMITED","YES","NO","NO"
"Demo","mp_Claims_Reports_Demo","Source Qualifier","SQ_PolicyFFVersion","FLATFILE:DELIMITERS",",","NO","NO"
"Demo","mp_Claims_Reports_Demo","Source Qualifier","SQ_PolicyFFVersion","FLATFILE:ESCAPE_CHARACTER","","NO","NO"
"Demo","mp_Claims_Reports_Demo","Source Qualifier","SQ_PolicyFFVersion","FLATFILE:KEEPESCAPECHAR","NO","NO","NO"
"Demo","mp_Claims_Reports_Demo","Source Qualifier","SQ_PolicyFFVersion","FLATFILE:LINESEQUENTIAL","NO","NO","NO"
"Demo","mp_Claims_Reports_Demo","Source Qualifier","SQ_PolicyFFVersion","FLATFILE:MULTIDELIMITERSASAND","NO","NO","NO"
"Demo","mp_Claims_Reports_Demo","Source Qualifier","SQ_PolicyFFVersion","FLATFILE:NULLCHARTYPE","ASCII","NO","NO"
"Demo","mp_Claims_Reports_Demo","Source Qualifier","SQ_PolicyFFVersion","FLATFILE:NULL_CHARACTER","*","NO","NO"
"Demo","mp_Claims_Reports_Demo","Source Qualifier","SQ_PolicyFFVersion","FLATFILE:PADBYTES","1","NO","NO"
"Demo","mp_Claims_Reports_Demo","Source Qualifier","SQ_PolicyFFVersion","FLATFILE:QUOTE_CHARACTER","DOUBLE","NO","NO"
"Demo","mp_Claims_Reports_Demo","Source Qualifier","SQ_PolicyFFVersion","FLATFILE:REPEATABLE","NO","NO","NO"
"Demo","mp_Claims_Reports_Demo","Source Qualifier","SQ_PolicyFFVersion","FLATFILE:ROWDELIMITER","0","NO","NO"
"Demo","mp_Claims_Reports_Demo","Source Qualifier","SQ_PolicyFFVersion","FLATFILE:SHIFTSENSITIVEDATA","NO","NO","NO"
"Demo","mp_Claims_Reports_Demo","Source Qualifier","SQ_PolicyFFVersion","FLATFILE:SKIPROWS","1","NO","NO"
"Demo","mp_Claims_Reports_Demo","Source Qualifier","SQ_PolicyFFVersion","FLATFILE:STRIPTRAILINGBLANKS","NO","NO","NO"
"Demo","mp_Claims_Reports_Demo","Source Qualifier","SQ_PolicyFFVersion","TABLEATTRIBUTE:Base Table Name","","NO","NO"
"Demo","mp_Claims_Reports_Demo","Source Qualifier","SQ_PolicyFFVersion","TABLEATTRIBUTE:Search Specification","","NO","NO"
"Demo","mp_Claims_Reports_Demo","Source Qualifier","SQ_PolicyFFVersion","TABLEATTRIBUTE:Sort Specification","","NO","NO"
"Demo","mp_Claims_Reports_Demo","Source Qualifier","SQ_PolicyFFVersion","TABLEATTRIBUTE:Datetime Format","A  19 mm/dd/yyyy hh24:mi:ss","NO","NO"
"Demo","mp_Claims_Reports_Demo","Source Qualifier","SQ_PolicyFFVersion","TABLEATTRIBUTE:Thousand Separator","None","NO","NO"
"Demo","mp_Claims_Reports_Demo","Source Qualifier","SQ_PolicyFFVersion","TABLEATTRIBUTE:Decimal Separator",".","NO","NO"
"Demo","mp_Claims_Reports_Demo","Source Qualifier","SQ_PolicyFFVersion","TABLEATTRIBUTE:Add Currently Processed Flat File Name Port","NO","NO","NO"
"Demo","mp_Claims_Reports_Demo","Source Qualifier","SQ_PolicyFFVersion","TABLEATTRIBUTE:Source TimeStamp","","NO","NO"
"Demo","mp_Claims_Reports_Demo","Joiner","JNR_Claim_Policy","INSTANCE:DESCRIPTION","","NO","NO"
"Demo","mp_Claims_Reports_Demo","Joiner","JNR_Claim_Policy","INSTANCE:NAME","JNR_Claim_Policy","NO","NO"
"Demo","mp_Claims_Reports_Demo","Joiner","JNR_Claim_Policy","INSTANCE:REUSABLE","NO","NO","NO"
"Demo","mp_Claims_Reports_Demo","Joiner","JNR_Claim_Policy","INSTANCE:TRANSFORMATION_NAME","JNR_Claim_Policy","NO","NO"
"Demo","mp_Claims_Reports_Demo","Joiner","JNR_Claim_Policy","INSTANCE:TRANSFORMATION_TYPE","Joiner","NO","NO"
"Demo","mp_Claims_Reports_Demo","Joiner","JNR_Claim_Policy","INSTANCE:TYPE","TRANSFORMATION","NO","NO"
"Demo","mp_Claims_Reports_Demo","Joiner","JNR_Claim_Policy","TRANSFORMATION:DESCRIPTION","","NO","NO"
"Demo","mp_Claims_Reports_Demo","Joiner","JNR_Claim_Policy","TRANSFORMATION:NAME","JNR_Claim_Policy","NO","NO"
"Demo","mp_Claims_Reports_Demo","Joiner","JNR_Claim_Policy","TRANSFORMATION:OBJECTVERSION","1","NO","NO"
"Demo","mp_Claims_Reports_Demo","Joiner","JNR_Claim_Policy","TRANSFORMATION:REUSABLE","NO","NO","NO"
"Demo","mp_Claims_Reports_Demo","Joiner","JNR_Claim_Policy","TRANSFORMATION:TYPE","Joiner","NO","NO"
"Demo","mp_Claims_Reports_Demo","Joiner","JNR_Claim_Policy","TRANSFORMATION:VERSIONNUMBER","2","NO","NO"
"Demo","mp_Claims_Reports_Demo","Joiner","JNR_Claim_Policy","TABLEATTRIBUTE:Case Sensitive String Comparison","YES","NO","NO"
"Demo","mp_Claims_Reports_Demo","Joiner","JNR_Claim_Policy","TABLEATTRIBUTE:Cache Directory","$PMCacheDir","NO","NO"
"Demo","mp_Claims_Reports_Demo","Joiner","JNR_Claim_Policy","TABLEATTRIBUTE:Join Condition","policy_number = Claim_policy_number","NO","NO"
"Demo","mp_Claims_Reports_Demo","Joiner","JNR_Claim_Policy","TABLEATTRIBUTE:Join Type","Normal Join","NO","NO"
"Demo","mp_Claims_Reports_Demo","Joiner","JNR_Claim_Policy","TABLEATTRIBUTE:Null ordering in master","Null Is Highest Value","NO","NO"
"Demo","mp_Claims_Reports_Demo","Joiner","JNR_Claim_Policy","TABLEATTRIBUTE:Null ordering in detail","Null Is Highest Value","NO","NO"
"Demo","mp_Claims_Reports_Demo","Joiner","JNR_Claim_Policy","TABLEATTRIBUTE:Tracing Level","Normal","NO","NO"
"Demo","mp_Claims_Reports_Demo","Joiner","JNR_Claim_Policy","TABLEATTRIBUTE:Joiner Data Cache Size","Auto","NO","NO"
"Demo","mp_Claims_Reports_Demo","Joiner","JNR_Claim_Policy","TABLEATTRIBUTE:Joiner Index Cache Size","Auto","NO","NO"
"Demo","mp_Claims_Reports_Demo","Joiner","JNR_Claim_Policy","TABLEATTRIBUTE:Sorted Input","NO","NO","NO"
"Demo","mp_Claims_Reports_Demo","Joiner","JNR_Claim_Policy","TABLEATTRIBUTE:Master Sort Order","Auto","NO","NO"
"Demo","mp_Claims_Reports_Demo","Joiner","JNR_Claim_Policy","TABLEATTRIBUTE:Transformation Scope","All Input","NO","NO"
"Demo","mp_Claims_Reports_Demo","Sorter","SRT_Mem_policy_num","INSTANCE:DESCRIPTION","","NO","NO"
"Demo","mp_Claims_Reports_Demo","Sorter","SRT_Mem_policy_num","INSTANCE:NAME","SRT_Mem_policy_num","NO","NO"
"Demo","mp_Claims_Reports_Demo","Sorter","SRT_Mem_policy_num","INSTANCE:REUSABLE","NO","NO","NO"
"Demo","mp_Claims_Reports_Demo","Sorter","SRT_Mem_policy_num","INSTANCE:TRANSFORMATION_NAME","SRT_Mem_policy_num","NO","NO"
"Demo","mp_Claims_Reports_Demo","Sorter","SRT_Mem_policy_num","INSTANCE:TRANSFORMATION_TYPE","Sorter","NO","NO"
"Demo","mp_Claims_Reports_Demo","Sorter","SRT_Mem_policy_num","INSTANCE:TYPE","TRANSFORMATION","NO","NO"
"Demo","mp_Claims_Reports_Demo","Sorter","SRT_Mem_policy_num","TRANSFORMATION:DESCRIPTION","","NO","NO"
"Demo","mp_Claims_Reports_Demo","Sorter","SRT_Mem_policy_num","TRANSFORMATION:NAME","SRT_Mem_policy_num","NO","NO"
"Demo","mp_Claims_Reports_Demo","Sorter","SRT_Mem_policy_num","TRANSFORMATION:OBJECTVERSION","1","NO","NO"
"Demo","mp_Claims_Reports_Demo","Sorter","SRT_Mem_policy_num","TRANSFORMATION:REUSABLE","NO","NO","NO"
"Demo","mp_Claims_Reports_Demo","Sorter","SRT_Mem_policy_num","TRANSFORMATION:TYPE","Sorter","NO","NO"
"Demo","mp_Claims_Reports_Demo","Sorter","SRT_Mem_policy_num","TRANSFORMATION:VERSIONNUMBER","2","NO","NO"
"Demo","mp_Claims_Reports_Demo","Sorter","SRT_Mem_policy_num","TABLEATTRIBUTE:Sorter Cache Size","Auto","NO","NO"
"Demo","mp_Claims_Reports_Demo","Sorter","SRT_Mem_policy_num","TABLEATTRIBUTE:Case Sensitive","YES","NO","NO"
"Demo","mp_Claims_Reports_Demo","Sorter","SRT_Mem_policy_num","TABLEATTRIBUTE:Work Directory","$PMTempDir","NO","NO"
"Demo","mp_Claims_Reports_Demo","Sorter","SRT_Mem_policy_num","TABLEATTRIBUTE:Distinct","NO","NO","NO"
"Demo","mp_Claims_Reports_Demo","Sorter","SRT_Mem_policy_num","TABLEATTRIBUTE:Tracing Level","Normal","NO","NO"
"Demo","mp_Claims_Reports_Demo","Sorter","SRT_Mem_policy_num","TABLEATTRIBUTE:Null Treated Low","NO","NO","NO"
"Demo","mp_Claims_Reports_Demo","Sorter","SRT_Mem_policy_num","TABLEATTRIBUTE:Merge Only","NO","NO","NO"
"Demo","mp_Claims_Reports_Demo","Sorter","SRT_Mem_policy_num","TABLEATTRIBUTE:Partitioning","Order records for individual partitions","NO","NO"
"Demo","mp_Claims_Reports_Demo","Sorter","SRT_Mem_policy_num","TABLEATTRIBUTE:Transformation Scope","All Input","NO","NO"
"Demo","mp_Claims_Reports_Demo","Filter","FIL_Vehicle","INSTANCE:DESCRIPTION","","NO","NO"
"Demo","mp_Claims_Reports_Demo","Filter","FIL_Vehicle","INSTANCE:NAME","FIL_Vehicle","NO","NO"
"Demo","mp_Claims_Reports_Demo","Filter","FIL_Vehicle","INSTANCE:REUSABLE","NO","NO","NO"
"Demo","mp_Claims_Reports_Demo","Filter","FIL_Vehicle","INSTANCE:TRANSFORMATION_NAME","FIL_Vehicle","NO","NO"
"Demo","mp_Claims_Reports_Demo","Filter","FIL_Vehicle","INSTANCE:TRANSFORMATION_TYPE","Filter","NO","NO"
"Demo","mp_Claims_Reports_Demo","Filter","FIL_Vehicle","INSTANCE:TYPE","TRANSFORMATION","NO","NO"
"Demo","mp_Claims_Reports_Demo","Filter","FIL_Vehicle","TRANSFORMATION:DESCRIPTION","","NO","NO"
"Demo","mp_Claims_Reports_Demo","Filter","FIL_Vehicle","TRANSFORMATION:NAME","FIL_Vehicle","NO","NO"
"Demo","mp_Claims_Reports_Demo","Filter","FIL_Vehicle","TRANSFORMATION:OBJECTVERSION","1","NO","NO"
"Demo","mp_Claims_Reports_Demo","Filter","FIL_Vehicle","TRANSFORMATION:REUSABLE","NO","NO","NO"
"Demo","mp_Claims_Reports_Demo","Filter","FIL_Vehicle","TRANSFORMATION:TYPE","Filter","NO","NO"
"Demo","mp_Claims_Reports_Demo","Filter","FIL_Vehicle","TRANSFORMATION:VERSIONNUMBER","2","NO","NO"
"Demo","mp_Claims_Reports_Demo","Filter","FIL_Vehicle","TABLEATTRIBUTE:Filter Condition","policy_type='vehicle'","NO","NO"
"Demo","mp_Claims_Reports_Demo","Filter","FIL_Vehicle","TABLEATTRIBUTE:Tracing Level","Normal","NO","NO"
"Demo","mp_Claims_Reports_Demo","Sorter","SRT_Incident_State_Type","INSTANCE:DESCRIPTION","","NO","NO"
"Demo","mp_Claims_Reports_Demo","Sorter","SRT_Incident_State_Type","INSTANCE:NAME","SRT_Incident_State_Type","NO","NO"
"Demo","mp_Claims_Reports_Demo","Sorter","SRT_Incident_State_Type","INSTANCE:REUSABLE","NO","NO","NO"
"Demo","mp_Claims_Reports_Demo","Sorter","SRT_Incident_State_Type","INSTANCE:TRANSFORMATION_NAME","SRT_Incident_State_Type","NO","NO"
"Demo","mp_Claims_Reports_Demo","Sorter","SRT_Incident_State_Type","INSTANCE:TRANSFORMATION_TYPE","Sorter","NO","NO"
"Demo","mp_Claims_Reports_Demo","Sorter","SRT_Incident_State_Type","INSTANCE:TYPE","TRANSFORMATION","NO","NO"
"Demo","mp_Claims_Reports_Demo","Sorter","SRT_Incident_State_Type","TRANSFORMATION:DESCRIPTION","","NO","NO"
"Demo","mp_Claims_Reports_Demo","Sorter","SRT_Incident_State_Type","TRANSFORMATION:NAME","SRT_Incident_State_Type","NO","NO"
"Demo","mp_Claims_Reports_Demo","Sorter","SRT_Incident_State_Type","TRANSFORMATION:OBJECTVERSION","1","NO","NO"
"Demo","mp_Claims_Reports_Demo","Sorter","SRT_Incident_State_Type","TRANSFORMATION:REUSABLE","NO","NO","NO"
"Demo","mp_Claims_Reports_Demo","Sorter","SRT_Incident_State_Type","TRANSFORMATION:TYPE","Sorter","NO","NO"
"Demo","mp_Claims_Reports_Demo","Sorter","SRT_Incident_State_Type","TRANSFORMATION:VERSIONNUMBER","2","NO","NO"
"Demo","mp_Claims_Reports_Demo","Sorter","SRT_Incident_State_Type","TABLEATTRIBUTE:Sorter Cache Size","Auto","NO","NO"
"Demo","mp_Claims_Reports_Demo","Sorter","SRT_Incident_State_Type","TABLEATTRIBUTE:Case Sensitive","YES","NO","NO"
"Demo","mp_Claims_Reports_Demo","Sorter","SRT_Incident_State_Type","TABLEATTRIBUTE:Work Directory","$PMTempDir","NO","NO"
"Demo","mp_Claims_Reports_Demo","Sorter","SRT_Incident_State_Type","TABLEATTRIBUTE:Distinct","NO","NO","NO"
"Demo","mp_Claims_Reports_Demo","Sorter","SRT_Incident_State_Type","TABLEATTRIBUTE:Tracing Level","Normal","NO","NO"
"Demo","mp_Claims_Reports_Demo","Sorter","SRT_Incident_State_Type","TABLEATTRIBUTE:Null Treated Low","NO","NO","NO"
"Demo","mp_Claims_Reports_Demo","Sorter","SRT_Incident_State_Type","TABLEATTRIBUTE:Merge Only","NO","NO","NO"
"Demo","mp_Claims_Reports_Demo","Sorter","SRT_Incident_State_Type","TABLEATTRIBUTE:Partitioning","Order records for individual partitions","NO","NO"
"Demo","mp_Claims_Reports_Demo","Sorter","SRT_Incident_State_Type","TABLEATTRIBUTE:Transformation Scope","All Input","NO","NO"
"Demo","mp_Claims_Reports_Demo","Expression","EXP_Total_Claim_State","INSTANCE:DESCRIPTION","","NO","NO"
"Demo","mp_Claims_Reports_Demo","Expression","EXP_Total_Claim_State","INSTANCE:NAME","EXP_Total_Claim_State","NO","NO"
"Demo","mp_Claims_Reports_Demo","Expression","EXP_Total_Claim_State","INSTANCE:REUSABLE","NO","NO","NO"
"Demo","mp_Claims_Reports_Demo","Expression","EXP_Total_Claim_State","INSTANCE:TRANSFORMATION_NAME","EXP_Total_Claim_State","NO","NO"
"Demo","mp_Claims_Reports_Demo","Expression","EXP_Total_Claim_State","INSTANCE:TRANSFORMATION_TYPE","Expression","NO","NO"
"Demo","mp_Claims_Reports_Demo","Expression","EXP_Total_Claim_State","INSTANCE:TYPE","TRANSFORMATION","NO","NO"
"Demo","mp_Claims_Reports_Demo","Expression","EXP_Total_Claim_State","TRANSFORMATION:DESCRIPTION","","NO","NO"
"Demo","mp_Claims_Reports_Demo","Expression","EXP_Total_Claim_State","TRANSFORMATION:NAME","EXP_Total_Claim_State","NO","NO"
"Demo","mp_Claims_Reports_Demo","Expression","EXP_Total_Claim_State","TRANSFORMATION:OBJECTVERSION","1","NO","NO"
"Demo","mp_Claims_Reports_Demo","Expression","EXP_Total_Claim_State","TRANSFORMATION:REUSABLE","NO","NO","NO"
"Demo","mp_Claims_Reports_Demo","Expression","EXP_Total_Claim_State","TRANSFORMATION:TYPE","Expression","NO","NO"
"Demo","mp_Claims_Reports_Demo","Expression","EXP_Total_Claim_State","TRANSFORMATION:VERSIONNUMBER","2","NO","NO"
"Demo","mp_Claims_Reports_Demo","Expression","EXP_Total_Claim_State","TABLEATTRIBUTE:Tracing Level","Normal","NO","NO"
"Demo","mp_Claims_Reports_Demo","Sorter","SRT_policy_num","INSTANCE:DESCRIPTION","","NO","NO"
"Demo","mp_Claims_Reports_Demo","Sorter","SRT_policy_num","INSTANCE:NAME","SRT_policy_num","NO","NO"
"Demo","mp_Claims_Reports_Demo","Sorter","SRT_policy_num","INSTANCE:REUSABLE","NO","NO","NO"
"Demo","mp_Claims_Reports_Demo","Sorter","SRT_policy_num","INSTANCE:TRANSFORMATION_NAME","SRT_policy_num","NO","NO"
"Demo","mp_Claims_Reports_Demo","Sorter","SRT_policy_num","INSTANCE:TRANSFORMATION_TYPE","Sorter","NO","NO"
"Demo","mp_Claims_Reports_Demo","Sorter","SRT_policy_num","INSTANCE:TYPE","TRANSFORMATION","NO","NO"
"Demo","mp_Claims_Reports_Demo","Sorter","SRT_policy_num","TRANSFORMATION:DESCRIPTION","","NO","NO"
"Demo","mp_Claims_Reports_Demo","Sorter","SRT_policy_num","TRANSFORMATION:NAME","SRT_policy_num","NO","NO"
"Demo","mp_Claims_Reports_Demo","Sorter","SRT_policy_num","TRANSFORMATION:OBJECTVERSION","1","NO","NO"
"Demo","mp_Claims_Reports_Demo","Sorter","SRT_policy_num","TRANSFORMATION:REUSABLE","NO","NO","NO"
"Demo","mp_Claims_Reports_Demo","Sorter","SRT_policy_num","TRANSFORMATION:TYPE","Sorter","NO","NO"
"Demo","mp_Claims_Reports_Demo","Sorter","SRT_policy_num","TRANSFORMATION:VERSIONNUMBER","2","NO","NO"
"Demo","mp_Claims_Reports_Demo","Sorter","SRT_policy_num","TABLEATTRIBUTE:Sorter Cache Size","Auto","NO","NO"
"Demo","mp_Claims_Reports_Demo","Sorter","SRT_policy_num","TABLEATTRIBUTE:Case Sensitive","YES","NO","NO"
"Demo","mp_Claims_Reports_Demo","Sorter","SRT_policy_num","TABLEATTRIBUTE:Work Directory","$PMTempDir","NO","NO"
"Demo","mp_Claims_Reports_Demo","Sorter","SRT_policy_num","TABLEATTRIBUTE:Distinct","NO","NO","NO"
"Demo","mp_Claims_Reports_Demo","Sorter","SRT_policy_num","TABLEATTRIBUTE:Tracing Level","Normal","NO","NO"
"Demo","mp_Claims_Reports_Demo","Sorter","SRT_policy_num","TABLEATTRIBUTE:Null Treated Low","NO","NO","NO"
"Demo","mp_Claims_Reports_Demo","Sorter","SRT_policy_num","TABLEATTRIBUTE:Merge Only","NO","NO","NO"
"Demo","mp_Claims_Reports_Demo","Sorter","SRT_policy_num","TABLEATTRIBUTE:Partitioning","Order records for individual partitions","NO","NO"
"Demo","mp_Claims_Reports_Demo","Sorter","SRT_policy_num","TABLEATTRIBUTE:Transformation Scope","All Input","NO","NO"
"Demo","mp_Claims_Reports_Demo","Filter","FIL_Fruad_Smoker","INSTANCE:DESCRIPTION","","NO","NO"
"Demo","mp_Claims_Reports_Demo","Filter","FIL_Fruad_Smoker","INSTANCE:NAME","FIL_Fruad_Smoker","NO","NO"
"Demo","mp_Claims_Reports_Demo","Filter","FIL_Fruad_Smoker","INSTANCE:REUSABLE","NO","NO","NO"
"Demo","mp_Claims_Reports_Demo","Filter","FIL_Fruad_Smoker","INSTANCE:TRANSFORMATION_NAME","FIL_Fruad_Smoker","NO","NO"
"Demo","mp_Claims_Reports_Demo","Filter","FIL_Fruad_Smoker","INSTANCE:TRANSFORMATION_TYPE","Filter","NO","NO"
"Demo","mp_Claims_Reports_Demo","Filter","FIL_Fruad_Smoker","INSTANCE:TYPE","TRANSFORMATION","NO","NO"
"Demo","mp_Claims_Reports_Demo","Filter","FIL_Fruad_Smoker","TRANSFORMATION:DESCRIPTION","","NO","NO"
"Demo","mp_Claims_Reports_Demo","Filter","FIL_Fruad_Smoker","TRANSFORMATION:NAME","FIL_Fruad_Smoker","NO","NO"
"Demo","mp_Claims_Reports_Demo","Filter","FIL_Fruad_Smoker","TRANSFORMATION:OBJECTVERSION","1","NO","NO"
"Demo","mp_Claims_Reports_Demo","Filter","FIL_Fruad_Smoker","TRANSFORMATION:REUSABLE","NO","NO","NO"
"Demo","mp_Claims_Reports_Demo","Filter","FIL_Fruad_Smoker","TRANSFORMATION:TYPE","Filter","NO","NO"
"Demo","mp_Claims_Reports_Demo","Filter","FIL_Fruad_Smoker","TRANSFORMATION:VERSIONNUMBER","2","NO","NO"
"Demo","mp_Claims_Reports_Demo","Filter","FIL_Fruad_Smoker","TABLEATTRIBUTE:Filter Condition","incident_state='y' AND incident_type='new'","NO","NO"
"Demo","mp_Claims_Reports_Demo","Filter","FIL_Fruad_Smoker","TABLEATTRIBUTE:Tracing Level","Normal","NO","NO"
"Demo","mp_Claims_Reports_Demo","Joiner","JNR_Claim_Member","INSTANCE:DESCRIPTION","","NO","NO"
"Demo","mp_Claims_Reports_Demo","Joiner","JNR_Claim_Member","INSTANCE:NAME","JNR_Claim_Member","NO","NO"
"Demo","mp_Claims_Reports_Demo","Joiner","JNR_Claim_Member","INSTANCE:REUSABLE","NO","NO","NO"
"Demo","mp_Claims_Reports_Demo","Joiner","JNR_Claim_Member","INSTANCE:TRANSFORMATION_NAME","JNR_Claim_Member","NO","NO"
"Demo","mp_Claims_Reports_Demo","Joiner","JNR_Claim_Member","INSTANCE:TRANSFORMATION_TYPE","Joiner","NO","NO"
"Demo","mp_Claims_Reports_Demo","Joiner","JNR_Claim_Member","INSTANCE:TYPE","TRANSFORMATION","NO","NO"
"Demo","mp_Claims_Reports_Demo","Joiner","JNR_Claim_Member","TRANSFORMATION:DESCRIPTION","","NO","NO"
"Demo","mp_Claims_Reports_Demo","Joiner","JNR_Claim_Member","TRANSFORMATION:NAME","JNR_Claim_Member","NO","NO"
"Demo","mp_Claims_Reports_Demo","Joiner","JNR_Claim_Member","TRANSFORMATION:OBJECTVERSION","1","NO","NO"
"Demo","mp_Claims_Reports_Demo","Joiner","JNR_Claim_Member","TRANSFORMATION:REUSABLE","NO","NO","NO"
"Demo","mp_Claims_Reports_Demo","Joiner","JNR_Claim_Member","TRANSFORMATION:TYPE","Joiner","NO","NO"
"Demo","mp_Claims_Reports_Demo","Joiner","JNR_Claim_Member","TRANSFORMATION:VERSIONNUMBER","2","NO","NO"
"Demo","mp_Claims_Reports_Demo","Joiner","JNR_Claim_Member","TABLEATTRIBUTE:Case Sensitive String Comparison","YES","NO","NO"
"Demo","mp_Claims_Reports_Demo","Joiner","JNR_Claim_Member","TABLEATTRIBUTE:Cache Directory","$PMCacheDir","NO","NO"
"Demo","mp_Claims_Reports_Demo","Joiner","JNR_Claim_Member","TABLEATTRIBUTE:Join Condition","Ins_Mem_policy_number = Claim_policy_number","NO","NO"
"Demo","mp_Claims_Reports_Demo","Joiner","JNR_Claim_Member","TABLEATTRIBUTE:Join Type","Detail Outer Join","NO","NO"
"Demo","mp_Claims_Reports_Demo","Joiner","JNR_Claim_Member","TABLEATTRIBUTE:Null ordering in master","Null Is Highest Value","NO","NO"
"Demo","mp_Claims_Reports_Demo","Joiner","JNR_Claim_Member","TABLEATTRIBUTE:Null ordering in detail","Null Is Highest Value","NO","NO"
"Demo","mp_Claims_Reports_Demo","Joiner","JNR_Claim_Member","TABLEATTRIBUTE:Tracing Level","Normal","NO","NO"
"Demo","mp_Claims_Reports_Demo","Joiner","JNR_Claim_Member","TABLEATTRIBUTE:Joiner Data Cache Size","Auto","NO","NO"
"Demo","mp_Claims_Reports_Demo","Joiner","JNR_Claim_Member","TABLEATTRIBUTE:Joiner Index Cache Size","Auto","NO","NO"
"Demo","mp_Claims_Reports_Demo","Joiner","JNR_Claim_Member","TABLEATTRIBUTE:Sorted Input","NO","NO","NO"
"Demo","mp_Claims_Reports_Demo","Joiner","JNR_Claim_Member","TABLEATTRIBUTE:Master Sort Order","Auto","NO","NO"
"Demo","mp_Claims_Reports_Demo","Joiner","JNR_Claim_Member","TABLEATTRIBUTE:Transformation Scope","All Input","NO","NO"
"Demo","mp_Claims_Reports_Demo","Sorter","SRT_Claim_policy_num","INSTANCE:DESCRIPTION","","NO","NO"
"Demo","mp_Claims_Reports_Demo","Sorter","SRT_Claim_policy_num","INSTANCE:NAME","SRT_Claim_policy_num","NO","NO"
"Demo","mp_Claims_Reports_Demo","Sorter","SRT_Claim_policy_num","INSTANCE:REUSABLE","NO","NO","NO"
"Demo","mp_Claims_Reports_Demo","Sorter","SRT_Claim_policy_num","INSTANCE:TRANSFORMATION_NAME","SRT_Claim_policy_num","NO","NO"
"Demo","mp_Claims_Reports_Demo","Sorter","SRT_Claim_policy_num","INSTANCE:TRANSFORMATION_TYPE","Sorter","NO","NO"
"Demo","mp_Claims_Reports_Demo","Sorter","SRT_Claim_policy_num","INSTANCE:TYPE","TRANSFORMATION","NO","NO"
"Demo","mp_Claims_Reports_Demo","Sorter","SRT_Claim_policy_num","TRANSFORMATION:DESCRIPTION","","NO","NO"
"Demo","mp_Claims_Reports_Demo","Sorter","SRT_Claim_policy_num","TRANSFORMATION:NAME","SRT_Claim_policy_num","NO","NO"
"Demo","mp_Claims_Reports_Demo","Sorter","SRT_Claim_policy_num","TRANSFORMATION:OBJECTVERSION","1","NO","NO"
"Demo","mp_Claims_Reports_Demo","Sorter","SRT_Claim_policy_num","TRANSFORMATION:REUSABLE","NO","NO","NO"
"Demo","mp_Claims_Reports_Demo","Sorter","SRT_Claim_policy_num","TRANSFORMATION:TYPE","Sorter","NO","NO"
"Demo","mp_Claims_Reports_Demo","Sorter","SRT_Claim_policy_num","TRANSFORMATION:VERSIONNUMBER","2","NO","NO"
"Demo","mp_Claims_Reports_Demo","Sorter","SRT_Claim_policy_num","TABLEATTRIBUTE:Sorter Cache Size","Auto","NO","NO"
"Demo","mp_Claims_Reports_Demo","Sorter","SRT_Claim_policy_num","TABLEATTRIBUTE:Case Sensitive","YES","NO","NO"
"Demo","mp_Claims_Reports_Demo","Sorter","SRT_Claim_policy_num","TABLEATTRIBUTE:Work Directory","$PMTempDir","NO","NO"
"Demo","mp_Claims_Reports_Demo","Sorter","SRT_Claim_policy_num","TABLEATTRIBUTE:Distinct","NO","NO","NO"
"Demo","mp_Claims_Reports_Demo","Sorter","SRT_Claim_policy_num","TABLEATTRIBUTE:Tracing Level","Normal","NO","NO"
"Demo","mp_Claims_Reports_Demo","Sorter","SRT_Claim_policy_num","TABLEATTRIBUTE:Null Treated Low","NO","NO","NO"
"Demo","mp_Claims_Reports_Demo","Sorter","SRT_Claim_policy_num","TABLEATTRIBUTE:Merge Only","NO","NO","NO"
"Demo","mp_Claims_Reports_Demo","Sorter","SRT_Claim_policy_num","TABLEATTRIBUTE:Partitioning","Order records for individual partitions","NO","NO"
"Demo","mp_Claims_Reports_Demo","Sorter","SRT_Claim_policy_num","TABLEATTRIBUTE:Transformation Scope","All Input","NO","NO"
"Demo","mp_Claims_Reports_Demo","Aggregator","AGG_Fruad_Smoker_State","INSTANCE:DESCRIPTION","","NO","NO"
"Demo","mp_Claims_Reports_Demo","Aggregator","AGG_Fruad_Smoker_State","INSTANCE:NAME","AGG_Fruad_Smoker_State","NO","NO"
"Demo","mp_Claims_Reports_Demo","Aggregator","AGG_Fruad_Smoker_State","INSTANCE:REUSABLE","NO","NO","NO"
"Demo","mp_Claims_Reports_Demo","Aggregator","AGG_Fruad_Smoker_State","INSTANCE:TRANSFORMATION_NAME","AGG_Fruad_Smoker_State","NO","NO"
"Demo","mp_Claims_Reports_Demo","Aggregator","AGG_Fruad_Smoker_State","INSTANCE:TRANSFORMATION_TYPE","Aggregator","NO","NO"
"Demo","mp_Claims_Reports_Demo","Aggregator","AGG_Fruad_Smoker_State","INSTANCE:TYPE","TRANSFORMATION","NO","NO"
"Demo","mp_Claims_Reports_Demo","Aggregator","AGG_Fruad_Smoker_State","TRANSFORMATION:DESCRIPTION","","NO","NO"
"Demo","mp_Claims_Reports_Demo","Aggregator","AGG_Fruad_Smoker_State","TRANSFORMATION:NAME","AGG_Fruad_Smoker_State","NO","NO"
"Demo","mp_Claims_Reports_Demo","Aggregator","AGG_Fruad_Smoker_State","TRANSFORMATION:OBJECTVERSION","1","NO","NO"
"Demo","mp_Claims_Reports_Demo","Aggregator","AGG_Fruad_Smoker_State","TRANSFORMATION:REUSABLE","NO","NO","NO"
"Demo","mp_Claims_Reports_Demo","Aggregator","AGG_Fruad_Smoker_State","TRANSFORMATION:TYPE","Aggregator","NO","NO"
"Demo","mp_Claims_Reports_Demo","Aggregator","AGG_Fruad_Smoker_State","TRANSFORMATION:VERSIONNUMBER","2","NO","NO"
"Demo","mp_Claims_Reports_Demo","Aggregator","AGG_Fruad_Smoker_State","TABLEATTRIBUTE:Cache Directory","$PMCacheDir","NO","NO"
"Demo","mp_Claims_Reports_Demo","Aggregator","AGG_Fruad_Smoker_State","TABLEATTRIBUTE:Tracing Level","Normal","NO","NO"
"Demo","mp_Claims_Reports_Demo","Aggregator","AGG_Fruad_Smoker_State","TABLEATTRIBUTE:Sorted Input","NO","NO","NO"
"Demo","mp_Claims_Reports_Demo","Aggregator","AGG_Fruad_Smoker_State","TABLEATTRIBUTE:Aggregator Data Cache Size","Auto","NO","NO"
"Demo","mp_Claims_Reports_Demo","Aggregator","AGG_Fruad_Smoker_State","TABLEATTRIBUTE:Aggregator Index Cache Size","Auto","NO","NO"
"Demo","mp_Claims_Reports_Demo","Aggregator","AGG_Fruad_Smoker_State","TABLEATTRIBUTE:Transformation Scope","All Input","NO","NO"
"Demo","mp_Claims_Reports_Demo","Source Qualifier","SQ_Claim","INSTANCE:DESCRIPTION","","NO","NO"
"Demo","mp_Claims_Reports_Demo","Source Qualifier","SQ_Claim","INSTANCE:NAME","SQ_Claim","NO","NO"
"Demo","mp_Claims_Reports_Demo","Source Qualifier","SQ_Claim","INSTANCE:REUSABLE","NO","NO","NO"
"Demo","mp_Claims_Reports_Demo","Source Qualifier","SQ_Claim","INSTANCE:TRANSFORMATION_NAME","SQ_Claim","NO","NO"
"Demo","mp_Claims_Reports_Demo","Source Qualifier","SQ_Claim","INSTANCE:TRANSFORMATION_TYPE","Source Qualifier","NO","NO"
"Demo","mp_Claims_Reports_Demo","Source Qualifier","SQ_Claim","INSTANCE:TYPE","TRANSFORMATION","NO","NO"
"Demo","mp_Claims_Reports_Demo","Source Qualifier","SQ_Claim","ASSOCIATED_SOURCE_INSTANCE:NAME","Claim","NO","NO"
"Demo","mp_Claims_Reports_Demo","Source Qualifier","SQ_Claim","TRANSFORMATION:DESCRIPTION","","NO","NO"
"Demo","mp_Claims_Reports_Demo","Source Qualifier","SQ_Claim","TRANSFORMATION:NAME","SQ_Claim","NO","NO"
"Demo","mp_Claims_Reports_Demo","Source Qualifier","SQ_Claim","TRANSFORMATION:OBJECTVERSION","1","NO","NO"
"Demo","mp_Claims_Reports_Demo","Source Qualifier","SQ_Claim","TRANSFORMATION:REUSABLE","NO","NO","NO"
"Demo","mp_Claims_Reports_Demo","Source Qualifier","SQ_Claim","TRANSFORMATION:TYPE","Source Qualifier","NO","NO"
"Demo","mp_Claims_Reports_Demo","Source Qualifier","SQ_Claim","TRANSFORMATION:VERSIONNUMBER","2","NO","NO"
"Demo","mp_Claims_Reports_Demo","Source Qualifier","SQ_Claim","TABLEATTRIBUTE:Sql Query","","NO","NO"
"Demo","mp_Claims_Reports_Demo","Source Qualifier","SQ_Claim","TABLEATTRIBUTE:User Defined Join","","NO","NO"
"Demo","mp_Claims_Reports_Demo","Source Qualifier","SQ_Claim","TABLEATTRIBUTE:Source Filter","","NO","NO"
"Demo","mp_Claims_Reports_Demo","Source Qualifier","SQ_Claim","TABLEATTRIBUTE:Number Of Sorted Ports","0","NO","NO"
"Demo","mp_Claims_Reports_Demo","Source Qualifier","SQ_Claim","TABLEATTRIBUTE:Tracing Level","Normal","NO","NO"
"Demo","mp_Claims_Reports_Demo","Source Qualifier","SQ_Claim","TABLEATTRIBUTE:Select Distinct","NO","NO","NO"
"Demo","mp_Claims_Reports_Demo","Source Qualifier","SQ_Claim","TABLEATTRIBUTE:Is Partitionable","NO","NO","NO"
"Demo","mp_Claims_Reports_Demo","Source Qualifier","SQ_Claim","TABLEATTRIBUTE:Pre SQL","","NO","NO"
"Demo","mp_Claims_Reports_Demo","Source Qualifier","SQ_Claim","TABLEATTRIBUTE:Post SQL","","NO","NO"
"Demo","mp_Claims_Reports_Demo","Source Qualifier","SQ_Claim","TABLEATTRIBUTE:Output is deterministic","NO","NO","NO"
"Demo","mp_Claims_Reports_Demo","Source Qualifier","SQ_Claim","TABLEATTRIBUTE:Output is repeatable","Never","NO","NO"
"Demo","mp_Claims_Reports_Demo","Source Qualifier","SQ_Insured_Member_FF","INSTANCE:DESCRIPTION","","NO","NO"
"Demo","mp_Claims_Reports_Demo","Source Qualifier","SQ_Insured_Member_FF","INSTANCE:NAME","SQ_Insured_Member_FF","NO","NO"
"Demo","mp_Claims_Reports_Demo","Source Qualifier","SQ_Insured_Member_FF","INSTANCE:REUSABLE","NO","NO","NO"
"Demo","mp_Claims_Reports_Demo","Source Qualifier","SQ_Insured_Member_FF","INSTANCE:TRANSFORMATION_NAME","SQ_Insured_Member_FF","NO","NO"
"Demo","mp_Claims_Reports_Demo","Source Qualifier","SQ_Insured_Member_FF","INSTANCE:TRANSFORMATION_TYPE","Source Qualifier","NO","NO"
"Demo","mp_Claims_Reports_Demo","Source Qualifier","SQ_Insured_Member_FF","INSTANCE:TYPE","TRANSFORMATION","NO","NO"
"Demo","mp_Claims_Reports_Demo","Source Qualifier","SQ_Insured_Member_FF","ASSOCIATED_SOURCE_INSTANCE:NAME","Insured_Member_FF","NO","NO"
"Demo","mp_Claims_Reports_Demo","Source Qualifier","SQ_Insured_Member_FF","TRANSFORMATION:DESCRIPTION","","NO","NO"
"Demo","mp_Claims_Reports_Demo","Source Qualifier","SQ_Insured_Member_FF","TRANSFORMATION:NAME","SQ_Insured_Member_FF","NO","NO"
"Demo","mp_Claims_Reports_Demo","Source Qualifier","SQ_Insured_Member_FF","TRANSFORMATION:OBJECTVERSION","1","NO","NO"
"Demo","mp_Claims_Reports_Demo","Source Qualifier","SQ_Insured_Member_FF","TRANSFORMATION:REUSABLE","NO","NO","NO"
"Demo","mp_Claims_Reports_Demo","Source Qualifier","SQ_Insured_Member_FF","TRANSFORMATION:TYPE","Source Qualifier","NO","NO"
"Demo","mp_Claims_Reports_Demo","Source Qualifier","SQ_Insured_Member_FF","TRANSFORMATION:VERSIONNUMBER","2","NO","NO"
"Demo","mp_Claims_Reports_Demo","Source Qualifier","SQ_Insured_Member_FF","TABLEATTRIBUTE:Sql Query","","NO","NO"
"Demo","mp_Claims_Reports_Demo","Source Qualifier","SQ_Insured_Member_FF","TABLEATTRIBUTE:User Defined Join","","NO","NO"
"Demo","mp_Claims_Reports_Demo","Source Qualifier","SQ_Insured_Member_FF","TABLEATTRIBUTE:Source Filter","","NO","NO"
"Demo","mp_Claims_Reports_Demo","Source Qualifier","SQ_Insured_Member_FF","TABLEATTRIBUTE:Number Of Sorted Ports","0","NO","NO"
"Demo","mp_Claims_Reports_Demo","Source Qualifier","SQ_Insured_Member_FF","TABLEATTRIBUTE:Tracing Level","Normal","NO","NO"
"Demo","mp_Claims_Reports_Demo","Source Qualifier","SQ_Insured_Member_FF","TABLEATTRIBUTE:Select Distinct","NO","NO","NO"
"Demo","mp_Claims_Reports_Demo","Source Qualifier","SQ_Insured_Member_FF","TABLEATTRIBUTE:Is Partitionable","NO","NO","NO"
"Demo","mp_Claims_Reports_Demo","Source Qualifier","SQ_Insured_Member_FF","TABLEATTRIBUTE:Pre SQL","","NO","NO"
"Demo","mp_Claims_Reports_Demo","Source Qualifier","SQ_Insured_Member_FF","TABLEATTRIBUTE:Post SQL","","NO","NO"
"Demo","mp_Claims_Reports_Demo","Source Qualifier","SQ_Insured_Member_FF","TABLEATTRIBUTE:Output is deterministic","NO","NO","NO"
"Demo","mp_Claims_Reports_Demo","Source Qualifier","SQ_Insured_Member_FF","TABLEATTRIBUTE:Output is repeatable","Never","NO","NO"
"Demo","mp_Claims_Reports_Demo","Source Qualifier","SQ_Insured_Member_FF","SOURCE:BUSINESSNAME","","NO","NO"
"Demo","mp_Claims_Reports_Demo","Source Qualifier","SQ_Insured_Member_FF","SOURCE:DATABASETYPE","Flat File","NO","NO"
"Demo","mp_Claims_Reports_Demo","Source Qualifier","SQ_Insured_Member_FF","SOURCE:DBDNAME","FlatFile","NO","NO"
"Demo","mp_Claims_Reports_Demo","Source Qualifier","SQ_Insured_Member_FF","SOURCE:DESCRIPTION","","NO","NO"
"Demo","mp_Claims_Reports_Demo","Source Qualifier","SQ_Insured_Member_FF","SOURCE:NAME","Insured_Member_FF","NO","NO"
"Demo","mp_Claims_Reports_Demo","Source Qualifier","SQ_Insured_Member_FF","SOURCE:OBJECTVERSION","1","NO","NO"
"Demo","mp_Claims_Reports_Demo","Source Qualifier","SQ_Insured_Member_FF","SOURCE:OWNERNAME","","NO","NO"
"Demo","mp_Claims_Reports_Demo","Source Qualifier","SQ_Insured_Member_FF","SOURCE:VERSIONNUMBER","2","NO","NO"
"Demo","mp_Claims_Reports_Demo","Source Qualifier","SQ_Insured_Member_FF","FLATFILE:CODEPAGE","MS1252","NO","NO"
"Demo","mp_Claims_Reports_Demo","Source Qualifier","SQ_Insured_Member_FF","FLATFILE:CONSECDELIMITERSASONE","NO","NO","NO"
"Demo","mp_Claims_Reports_Demo","Source Qualifier","SQ_Insured_Member_FF","FLATFILE:DELIMITED","YES","NO","NO"
"Demo","mp_Claims_Reports_Demo","Source Qualifier","SQ_Insured_Member_FF","FLATFILE:DELIMITERS",",","NO","NO"
"Demo","mp_Claims_Reports_Demo","Source Qualifier","SQ_Insured_Member_FF","FLATFILE:ESCAPE_CHARACTER","","NO","NO"
"Demo","mp_Claims_Reports_Demo","Source Qualifier","SQ_Insured_Member_FF","FLATFILE:KEEPESCAPECHAR","NO","NO","NO"
"Demo","mp_Claims_Reports_Demo","Source Qualifier","SQ_Insured_Member_FF","FLATFILE:LINESEQUENTIAL","NO","NO","NO"
"Demo","mp_Claims_Reports_Demo","Source Qualifier","SQ_Insured_Member_FF","FLATFILE:MULTIDELIMITERSASAND","NO","NO","NO"
"Demo","mp_Claims_Reports_Demo","Source Qualifier","SQ_Insured_Member_FF","FLATFILE:NULLCHARTYPE","ASCII","NO","NO"
"Demo","mp_Claims_Reports_Demo","Source Qualifier","SQ_Insured_Member_FF","FLATFILE:NULL_CHARACTER","*","NO","NO"
"Demo","mp_Claims_Reports_Demo","Source Qualifier","SQ_Insured_Member_FF","FLATFILE:PADBYTES","1","NO","NO"
"Demo","mp_Claims_Reports_Demo","Source Qualifier","SQ_Insured_Member_FF","FLATFILE:QUOTE_CHARACTER","DOUBLE","NO","NO"
"Demo","mp_Claims_Reports_Demo","Source Qualifier","SQ_Insured_Member_FF","FLATFILE:REPEATABLE","NO","NO","NO"
"Demo","mp_Claims_Reports_Demo","Source Qualifier","SQ_Insured_Member_FF","FLATFILE:ROWDELIMITER","10","NO","NO"
"Demo","mp_Claims_Reports_Demo","Source Qualifier","SQ_Insured_Member_FF","FLATFILE:SHIFTSENSITIVEDATA","NO","NO","NO"
"Demo","mp_Claims_Reports_Demo","Source Qualifier","SQ_Insured_Member_FF","FLATFILE:SKIPROWS","0","NO","NO"
"Demo","mp_Claims_Reports_Demo","Source Qualifier","SQ_Insured_Member_FF","FLATFILE:STRIPTRAILINGBLANKS","NO","NO","NO"
"Demo","mp_Claims_Reports_Demo","Source Qualifier","SQ_Insured_Member_FF","TABLEATTRIBUTE:Base Table Name","","NO","NO"
"Demo","mp_Claims_Reports_Demo","Source Qualifier","SQ_Insured_Member_FF","TABLEATTRIBUTE:Search Specification","","NO","NO"
"Demo","mp_Claims_Reports_Demo","Source Qualifier","SQ_Insured_Member_FF","TABLEATTRIBUTE:Sort Specification","","NO","NO"
"Demo","mp_Claims_Reports_Demo","Source Qualifier","SQ_Insured_Member_FF","TABLEATTRIBUTE:Datetime Format","A  19 mm/dd/yyyy hh24:mi:ss","NO","NO"
"Demo","mp_Claims_Reports_Demo","Source Qualifier","SQ_Insured_Member_FF","TABLEATTRIBUTE:Thousand Separator","None","NO","NO"
"Demo","mp_Claims_Reports_Demo","Source Qualifier","SQ_Insured_Member_FF","TABLEATTRIBUTE:Decimal Separator",".","NO","NO"
"Demo","mp_Claims_Reports_Demo","Source Qualifier","SQ_Insured_Member_FF","TABLEATTRIBUTE:Add Currently Processed Flat File Name Port","NO","NO","NO"
"Demo","mp_Claims_Reports_Demo","Source Qualifier","SQ_Insured_Member_FF","TABLEATTRIBUTE:Source TimeStamp","","NO","NO"
